업종명,인허가일자,업소명,소재지(도로명),소재지(지번),영업장면적(건물내_외부),업태명,담당부서
일반음식점,1982-03-03,한일정,,서울특별시 동작구 노량진동 44-21 중앙    5호,149.49,한식,보건행정과
일반음식점,1982-04-20,미주,,서울특별시 동작구 사당동 548-6 ,31.3,한식,보건행정과
일반음식점,1983-04-13,전주한방오리,"서울특별시 동작구 사당로 252 (사당동,321-114)",서울특별시 동작구 사당동 318-77 321-114 ,83,한식,보건행정과
일반음식점,1985-05-29,수산회관,"서울특별시 동작구 노들로 674, 지상2층 21호 (노량진동)",서울특별시 동작구 노량진동 13-6 ,370.22,일식,보건행정과
일반음식점,1985-05-21,금학횟집,"서울특별시 동작구 노들로 674, 2층 9호 (노량진동)",서울특별시 동작구 노량진동 13-6 2층 9호,139.74,횟집,보건행정과
일반음식점,1989-06-19,한강호프,,서울특별시 동작구 흑석동 33-91 ,24.3,정종/대포집/소주방,보건행정과
일반음식점,2008-02-11,이고시다,,서울특별시 동작구 신대방동 358-10 ,90.23,한식,보건행정과
일반음식점,1993-07-20,흥부네,"서울특별시 동작구 등용로 124 (대방동,외 3필지)",서울특별시 동작구 대방동 23 외 3필지 ,67.37,한식,보건행정과
일반음식점,1994-04-14,송현,,서울특별시 동작구 노량진동 62-19 ,70-16,-27,72-3,-16,-34 ,25.2,한식,보건행정과
일반음식점,1994-08-05,홍두깨,,서울특별시 동작구 신대방동 565-26 ,16.38,분식,보건행정과
일반음식점,1994-01-27,황금어장,"서울특별시 동작구 노들로 674, 지상2층 6호 (노량진동)",서울특별시 동작구 노량진동 13-6 ,139.74,횟집,보건행정과
일반음식점,1994-02-03,진남회집,"서울특별시 동작구 노들로 674, 지상2층 13호 (노량진동)",서울특별시 동작구 노량진동 13-6 ,139.8,일식,보건행정과
일반음식점,1994-03-16,미자식당,"서울특별시 동작구 노들로 674, 지상2층 8호 (노량진동)",서울특별시 동작구 노량진동 13-6 ,209.62,한식,보건행정과
일반음식점,1994-02-17,컵히커피,서울특별시 동작구 흑석로13나길 4 (흑석동),서울특별시 동작구 흑석동 164-5 ,15.84,경양식,보건행정과
일반음식점,1997-03-31,맷돌이야기,,서울특별시 동작구 사당동 147-73 ,69.45,한식,보건행정과
일반음식점,1998-10-28,환타지,서울특별시 동작구 여의대방로24길 120 (신대방동),서울특별시 동작구 신대방동 355-20 ,18.2,경양식,보건행정과
일반음식점,1998-05-12,희래등,"서울특별시 동작구 등용로 123 (대방동,외 3필지)",서울특별시 동작구 대방동 39-2 외 3필지 ,709.29,중국식,보건행정과
일반음식점,1999-01-07,청춘식당,"서울특별시 동작구 서달로13길 11-13 (흑석동,,34)",서울특별시 동작구 흑석동 102-33 ,34 ,42.33,분식,보건행정과
일반음식점,1999-04-01,장터식당,"서울특별시 동작구 노들로 674, 지상2층 19호 (노량진동)",서울특별시 동작구 노량진동 13-6 ,139.74,한식,보건행정과
일반음식점,2000-06-09,남도밥상,,서울특별시 동작구 사당동 1030-5 ,90.25,한식,보건행정과
일반음식점,2000-08-31,청해진,"서울특별시 동작구 노들로 674, 지상2층 20호 (노량진동)",서울특별시 동작구 노량진동 13-6 ,181.82,일식,보건행정과
일반음식점,2000-11-10,숯가마,,서울특별시 동작구 상도동 104-2 ,52.29,정종/대포집/소주방,보건행정과
일반음식점,2002-05-18,포차천국 이수역점,"서울특별시 동작구 동작대로27나길 21 (사당동,두원상가 103,104,105호)",서울특별시 동작구 사당동 138 두원상가 103,104,105호 ,97.02,한식,보건행정과
일반음식점,2003-01-13,다미,"서울특별시 동작구 동작대로1길 9-1 (사당동,외1필지)",서울특별시 동작구 사당동 1043-9 외1필지 ,64.4,정종/대포집/소주방,보건행정과
일반음식점,2003-10-15,구이천국,"서울특별시 동작구 노들로 674, 노량진수산물도매시장 구 수산시장동 (노량진동)",서울특별시 동작구 노량진동 13-6 노량진 구 수산시장 ,20.1,한식,보건행정과
일반음식점,2003-11-07,쇼신,"서울특별시 동작구 만양로16길 9 (노량진동,외 1필지  102호)",서울특별시 동작구 노량진동 119-153 외 1필지  102호 ,38.52,호프/통닭,보건행정과
일반음식점,2003-11-12,중앙식당,"서울특별시 동작구 노들로 674, 지상2층 회식당12호 (노량진동)",서울특별시 동작구 노량진동 13-6 ,119.35,한식,보건행정과
일반음식점,2004-01-15,투다리,서울특별시 동작구 상도로 152 (상도동),서울특별시 동작구 상도동 188-4 31 ,29.58,호프/통닭,보건행정과
일반음식점,2004-04-23,신촌찌개집(신대방삼거리점),"서울특별시 동작구 보라매로 94 (신대방동,외2필지)",서울특별시 동작구 신대방동 345-7 외2필지 ,53.48,한식,보건행정과
일반음식점,2005-02-28,봉추중대,"서울특별시 동작구 흑석로 88 (흑석동,외1필지 202호)",서울특별시 동작구 흑석동 223-18 외1필지 202호 ,87.1,호프/통닭,보건행정과
일반음식점,2005-11-01,쌍둥이일품양평해장국,"서울특별시 동작구 노들로 674, 2층 3호 (노량진동)",서울특별시 동작구 노량진동 13-6 ,139.74,한식,보건행정과
일반음식점,2006-02-14,진부령황태촌,"서울특별시 동작구 동작대로27길 6 (사당동,외1필지)",서울특별시 동작구 사당동 133-17 외1필지 ,124.2,한식,보건행정과
일반음식점,2006-03-13,이레식당,"서울특별시 동작구 성대로31길 71 (상도동,외 1필지)",서울특별시 동작구 상도동 197-10 외 1필지 ,44.19,분식,보건행정과
일반음식점,2006-09-22,역전할머니맥주(이수점),"서울특별시 동작구 동작대로27다길 26 (사당동,외4필지 이수프라자1층104호)",서울특별시 동작구 사당동 138-3 외4필지 이수프라자1층104호 ,130.5,호프/통닭,보건행정과
일반음식점,2006-09-28,어사출또이수역점,"서울특별시 동작구 동작대로27나길 21 (사당동,두원상가 106,107,108,109호)",서울특별시 동작구 사당동 138 두원상가 106,107,108,109호 ,142.75,통닭(치킨),보건행정과
일반음식점,2006-11-07,채홍,서울특별시 동작구 강남초등길 24 (상도1동),서울특별시 동작구 상도동 578 ,247.07,중국식,보건행정과
일반음식점,2008-04-24,후다닥 숯불 닭갈비,"서울특별시 동작구 국사봉1길 18 (상도동,외 12필지 1002-1, 1003호)",서울특별시 동작구 상도동 323-4 외 12필지 1002-1, 1003호 ,28.47,호프/통닭,보건행정과
일반음식점,2009-03-24,할미가,"서울특별시 동작구 사당로 220 (사당동,외1필지 (지하1층))",서울특별시 동작구 사당동 265-10 외1필지 (지하1층) ,84.76,한식,보건행정과
일반음식점,2009-08-27,어사출또사당역점,서울특별시 동작구 남부순환로269길 21 (사당동),서울특별시 동작구 사당동 1046-33 ,93.55,통닭(치킨),보건행정과
일반음식점,2009-11-04,영광족발,"서울특별시 동작구 서달로12길 13 (흑석동,외 7필지  4호)",서울특별시 동작구 흑석동 97-6 외 7필지  4호 ,21.2,한식,보건행정과
일반음식점,2010-06-01,행복한손칼국수,,서울특별시 동작구 본동 165-5 211-3, 211-4 ,29.32,한식,보건행정과
일반음식점,2010-12-28,롯데리아중앙대점,"서울특별시 동작구 흑석로 110-1 (흑석동,외 1필지 1층)",서울특별시 동작구 흑석동 182-7 외 1필지 1층 ,147.44,패스트푸드,보건행정과
일반음식점,2010-01-11,둥지호프,"서울특별시 동작구 여의대방로24길 137 (대방동,외 1필지( 지하1층))",서울특별시 동작구 대방동 407-38 외 1필지( 지하1층) ,77.26,호프/통닭,보건행정과
일반음식점,2011-01-13,와라와라,"서울특별시 동작구 만양로 96 (노량진동,외 1필지(2층))",서울특별시 동작구 노량진동 119-152 외 1필지(2층) ,316.4,호프/통닭,보건행정과
일반음식점,2011-05-19,주식회사 또순이회양념,"서울특별시 동작구 노들로 674, 지상2층 11호 (노량진동)",서울특별시 동작구 노량진동 13-6 ,139.74,한식,보건행정과
일반음식점,2011-06-02,육쌈냉면,"서울특별시 동작구 동작대로27다길 2 (사당동,외 1필지 1층)",서울특별시 동작구 사당동 139-19 외 1필지 1층 ,46,한식,보건행정과
일반음식점,2011-06-23,라임아이스드(Lime iced),"서울특별시 동작구 사당로 188 (사당동,외 3필지(지상1층))",서울특별시 동작구 사당동 223-1 외 3필지(지상1층) ,75.77,기타,보건행정과
일반음식점,2011-08-05,지호분식,,서울특별시 동작구 상도동 175 외 2필지 (1층) ,13.2,분식,보건행정과
일반음식점,2011-11-18,아마스빈중앙대점,서울특별시 동작구 흑석로 88 (흑석동),서울특별시 동작구 흑석동 223-18 외 1필지 102호 ,33,까페,보건행정과
일반음식점,2012-05-16,설빙 노량진점,"서울특별시 동작구 노량진로 144 (노량진동, 외 2필지, 2층)",서울특별시 동작구 노량진동 59-29 외 2필지, 2층 ,202,까페,보건행정과
일반음식점,2012-09-18,카페구스토,"서울특별시 동작구 흑석한강로 27 (흑석동, 푸르지오상가 109동 B306호)",서울특별시 동작구 흑석동 67-1 푸르지오상가 109동 B306호 ,48.98,기타,보건행정과
일반음식점,2012-09-24,호치킨하우스,"서울특별시 동작구 사당로13길 31 (사당동, 두산위브상가 B1층 13-2, 13-3호)",서울특별시 동작구 사당동 1131 두산위브상가 B1층 13-2, 13-3호 ,51.92,통닭(치킨),보건행정과
일반음식점,2013-06-28,릴리펏흑석점,"서울특별시 동작구 흑석한강로 27 (흑석동, 흑석한강푸르지오 상가 A동 지하1층 102호,103호)",서울특별시 동작구 흑석동 336 흑석한강푸르지오 상가 A동 지하1층 102호,103호 ,159.64,키즈카페,보건행정과
일반음식점,2014-02-05,명성,서울특별시 동작구 상도로24길 35 (상도동),서울특별시 동작구 상도동 24-35 ,84.36,일식,보건행정과
일반음식점,2014-04-24,MOON 나이트 1000냥 호프,"서울특별시 동작구 흑석로15나길 3, 1층 (흑석동)",서울특별시 동작구 흑석동 159-10 ,90,호프/통닭,보건행정과
일반음식점,2014-06-09,릴리펏 사당점,서울특별시 동작구 사당로 234 (사당동),서울특별시 동작구 사당동 266-4 ,291.38,키즈카페,보건행정과
일반음식점,2015-12-21,뻐꾸기,"서울특별시 동작구 만양로 79, 지하1층 (노량진동)",,62.7,경양식,보건행정과
일반음식점,2016-03-09,용궁회집,"서울특별시 동작구 노들로 674, 지상2층 17호 (노량진동)",서울특별시 동작구 노량진동 13-6 ,69.88,횟집,보건행정과
일반음식점,2016-03-28,청하식당,"서울특별시 동작구 노들로 674, 지상2층 1호 (노량진동)",서울특별시 동작구 노량진동 13-6 ,139.74,한식,보건행정과
일반음식점,2016-03-30,강변식당,"서울특별시 동작구 노들로 674, 지상2층 5호 (노량진동)",서울특별시 동작구 노량진동 13-6 ,69.88,한식,보건행정과
일반음식점,2016-03-30,유달식당,"서울특별시 동작구 노들로 674, 지상2층 4호 (노량진동)",서울특별시 동작구 노량진동 13-6 ,69.88,한식,보건행정과
일반음식점,2016-03-31,부산일번지,"서울특별시 동작구 노들로 674, 지상2층 14호 (노량진동)",서울특별시 동작구 노량진동 13-6 ,258.08,한식,보건행정과
일반음식점,2016-04-11,서울식당,"서울특별시 동작구 노들로 674, 지상2층 7호 (노량진동)",서울특별시 동작구 노량진동 13-6 ,209.62,횟집,보건행정과
일반음식점,2016-04-11,황제식당,"서울특별시 동작구 노들로 674, 지상2층 10호 (노량진동)",서울특별시 동작구 노량진동 13-6 ,135,한식,보건행정과
일반음식점,2016-04-11,노량진 전라도회양념,"서울특별시 동작구 노들로 674, 지상2층 16호 (노량진동)",서울특별시 동작구 노량진동 13-6 ,135,한식,보건행정과
일반음식점,2016-04-12,바다회센터,"서울특별시 동작구 노들로 674, 지상2층 15호 (노량진동)",서울특별시 동작구 노량진동 13-6 ,139.74,한식,보건행정과
일반음식점,2016-04-12,거부식당 the chef,"서울특별시 동작구 노들로 674, 지상2층 18호 (노량진동)",서울특별시 동작구 노량진동 13-6 ,69.88,한식,보건행정과
일반음식점,2016-04-12,우주매점,"서울특별시 동작구 노들로 674, 지상1층 매점7호 (노량진동)",서울특별시 동작구 노량진동 13-6 ,11.4,한식,보건행정과
일반음식점,2016-04-12,해운대,"서울특별시 동작구 노들로 674, 지상2층 2호 (노량진동)",서울특별시 동작구 노량진동 13-6 ,139.74,한식,보건행정과
일반음식점,2017-03-15,삼정집,"서울특별시 동작구 노들로 674, 2층 5호 (노량진동, 노량진수산물도매시장 )",서울특별시 동작구 노량진동 13-6 ,79.34,횟집,보건행정과
일반음식점,2017-03-15,충남식당,"서울특별시 동작구 노들로 674, 2층 4호 (노량진동, 노량진수산물도매시장)",서울특별시 동작구 노량진동 13-6 ,79.34,기타,보건행정과
일반음식점,2017-06-19,주식회사 진주식당,"서울특별시 동작구 노들로 674, 5층 2호 (노량진동, 노량진수산시장)",서울특별시 동작구 노량진동 13-6 ,426.45,횟집,보건행정과
일반음식점,2017-07-04,하늘채,"서울특별시 동작구 노들로 674, 5층 1호 (노량진동, 노량진수산시장)",서울특별시 동작구 노량진동 13-6 ,747.92,기타,보건행정과
일반음식점,2017-08-31,우오가시 노량진점,"서울특별시 동작구 노들로 674, 2층 (노량진동, 노량진수산시장)",서울특별시 동작구 노량진동 13-6 ,396,일식,보건행정과
일반음식점,2017-12-11,점핑박사,"서울특별시 동작구 상도로 233, 2층 (상도동)",서울특별시 동작구 상도동 23-46 농협 ,64,키즈카페,보건행정과
일반음식점,2018-07-13,카페마인드어스(cafe mindus),"서울특별시 동작구 사당로23길 112, 지하1층 B107호 (사당동, 래미안 로이파크)",서울특별시 동작구 사당동 167-19 래미안 로이파크 B107호,69.61,기타,보건행정과
일반음식점,2018-09-13,도깨비방망이,"서울특별시 동작구 여의대방로36길 29, 대림아파트(분산상가동) 지하1층 (대방동)",서울특별시 동작구 대방동 501 대림아파트(분산상가동) ,6.6,키즈카페,보건행정과
일반음식점,2018-10-16,분식이 이래도 되는가 사당점,"서울특별시 동작구 사당로23길 112, B103호 (사당동, 래미안 로이파크)",서울특별시 동작구 사당동 167-19 래미안 로이파크 ,42.7,분식,보건행정과
일반음식점,2018-10-30,충남집,"서울특별시 동작구 노들로 674, 노량진수산물도매시장 2층 1,2,3호 (노량진동)",서울특별시 동작구 노량진동 13-6 노량진수산물도매시장 ,238.01,한식,보건행정과
일반음식점,2018-11-30,오듀몽듀(Oh dieu Mon dieu),"서울특별시 동작구 현충로 52, 아크로리버하임 상가1동 7호 (흑석동)",서울특별시 동작구 흑석동 158-1 ,30.85,기타,보건행정과
일반음식점,2019-01-02,느릅나무,"서울특별시 동작구 서달로 123, 롯데캐슬 에듀포레 상가동 104호 (흑석동)",서울특별시 동작구 흑석동 232-55 ,57.52,기타,보건행정과
일반음식점,2019-01-25,60계치킨 서울이수점,"서울특별시 동작구 사당로23길 112, 후면상가동 B108호 (사당동, 래미안 로이파크)",서울특별시 동작구 사당동 167-19 래미안 로이파크 ,69.61,호프/통닭,보건행정과
일반음식점,2019-07-01,브라운필원(Brownpill One),"서울특별시 동작구 현충로 52, 1층 7-1,18호 (흑석동)",서울특별시 동작구 흑석동 158-1 ,40.96,기타,보건행정과
일반음식점,2019-07-16,포동포동놀이터,"서울특별시 동작구 성대로 180, 2층 (상도동)",서울특별시 동작구 상도동 202-237 ,18,키즈카페,보건행정과
일반음식점,2019-09-04,오군분식,"서울특별시 동작구 노들로 674, 2층 매점11호 (노량진동)",서울특별시 동작구 노량진동 13-6 노량진수산물도매시장 ,6.86,분식,보건행정과
일반음식점,2020-02-27,아리수씨푸드,"서울특별시 동작구 노들로 674, 노량진수산물도매시장 2층 건어물판매장24호 (노량진동)",서울특별시 동작구 노량진동 13-6 노량진수산물도매시장 ,44.8,기타,보건행정과
일반음식점,2020-06-17,서울의 달,"서울특별시 동작구 노들로 674, 노량진수산물도매시장 5층 (노량진동)",서울특별시 동작구 노량진동 13-6 노량진수산물도매시장 ,159.27,라이브카페,보건행정과
일반음식점,2021-01-06,지희매점,"서울특별시 동작구 노들로 674, 노량진수산물도매시장 지하1층 매점3호 (노량진동)",서울특별시 동작구 노량진동 13-6 노량진수산물도매시장 ,15.77,한식,보건행정과
일반음식점,2021-10-08,오케이(O.K),"서울특별시 동작구 사당로30길 150, 지하1층 (사당동)",서울특별시 동작구 사당동 1041-31 ,287.5,라이브카페,보건행정과
휴게음식점,1991-08-24,롯데씨브이에스711(주) 대방점,서울특별시 동작구 상도로 69 (대방동),서울특별시 동작구 대방동 393-65 ,21.85,편의점,보건행정과
휴게음식점,1993-07-30,신보라매회관,서울특별시 동작구 보라매로5길 28 (신대방동),서울특별시 동작구 신대방동 395 ,20.01,일반조리판매,보건행정과
휴게음식점,1993-11-12,방배김밥,"서울특별시 동작구 동작대로27길 59-16, 동성빌딩 1층 (사당동)",서울특별시 동작구 사당동 127-27 동성빌딩 ,33,백화점,보건행정과
휴게음식점,1994-08-30,도코하우스,,서울특별시 동작구 대방동 356-1 ,15.39,일반조리판매,보건행정과
휴게음식점,1994-02-01,이레김밥,서울특별시 동작구 상도로63길 15 (상도동),서울특별시 동작구 상도동 503 ,6.96,일반조리판매,보건행정과
휴게음식점,1994-02-14,옛날짜장우동,서울특별시 동작구 신대방길 116 (신대방동),서울특별시 동작구 신대방동 588-6 ,25.6,일반조리판매,보건행정과
휴게음식점,1995-09-29,기계우동,서울특별시 동작구 여의대방로24길 140 (신대방동),서울특별시 동작구 신대방동 347-31 ,36.08,일반조리판매,보건행정과
휴게음식점,1996-03-26,소망분식,서울특별시 동작구 대방동23길 32 (대방동),서울특별시 동작구 대방동 386-22 ,18,일반조리판매,보건행정과
휴게음식점,1999-06-08,서울대학교병원  보라매휴게실,,서울특별시 동작구 신대방동 395-80 ,67.42,기타 휴게음식점,보건행정과
휴게음식점,1999-11-18,바이더웨이,서울특별시 동작구 여의대방로22길 136 (신대방동),서울특별시 동작구 신대방동 349-3 ,4,편의점,보건행정과
휴게음식점,2000-10-16,이삭토스트 총신대점,서울특별시 동작구 사당로14길 6 (사당동),서울특별시 동작구 사당동 267-27 ,12.22,일반조리판매,보건행정과
휴게음식점,2001-02-14,세븐일레븐(보라매점),"서울특별시 동작구 보라매로5가길 16 (신대방동,아카데미타워 1층)",서울특별시 동작구 신대방동 395-69 아카데미타워 1층 ,2.43,편의점,보건행정과
휴게음식점,2001-03-30,해태분식,,서울특별시 동작구 사당동 105 ,13,일반조리판매,보건행정과
휴게음식점,2002-05-24,김밥클릭,,서울특별시 동작구 신대방동 341-29 ,13.2,기타 휴게음식점,보건행정과
휴게음식점,2003-01-09,세븐일레븐(상도점),,서울특별시 동작구 상도1동 51 ,6.81,편의점,보건행정과
휴게음식점,2003-03-04,마데컵닭,서울특별시 동작구 흑석로 85 (흑석동),서울특별시 동작구 흑석동 190-34 ,22.09,일반조리판매,보건행정과
휴게음식점,2003-03-05,세븐일레븐(사당6호점),서울특별시 동작구 사당로2차길 2 (사당동),서울특별시 동작구 사당동 202-28 ,6,편의점,보건행정과
휴게음식점,2003-03-05,롯데씨브이에스711 노량진점,서울특별시 동작구 노량진로 196 (노량진동),서울특별시 동작구 노량진동 143-2 ,9.05,편의점,보건행정과
휴게음식점,2003-05-14,미니스톱사당점,서울특별시 동작구 동작대로7길 12 (사당동),서울특별시 동작구 사당동 1030-10 ,5.96,편의점,보건행정과
휴게음식점,2004-02-21,이삭,"서울특별시 동작구 사당로 6-1 (상도동, 1층)",서울특별시 동작구 상도동 501-2 1층 ,24.18,일반조리판매,보건행정과
휴게음식점,2004-12-02,성대불가마,서울특별시 동작구 국사봉1길 38 (상도동),서울특별시 동작구 상도동 322-22 ,49.9,일반조리판매,보건행정과
휴게음식점,2005-11-17,세븐일레븐(노량진5호점),서울특별시 동작구 만양로12길 16 (노량진동),서울특별시 동작구 노량진동 222-35 ,6.6,일반조리판매,보건행정과
휴게음식점,2006-02-21,소문난떡볶이,,서울특별시 동작구 상도동 36-1 대림아파트상가(지상1층) ,35.84,기타 휴게음식점,보건행정과
휴게음식점,2006-10-12,피자스쿨장승배기,"서울특별시 동작구 상도로 152, 신아빌딩 1층 (상도동)",서울특별시 동작구 상도동 188-4 신아빌딩 ,33.4,일반조리판매,보건행정과
휴게음식점,2006-11-30,공일이이(0122),서울특별시 동작구 노량진로 162 (노량진동),서울특별시 동작구 노량진동 114-5 ,18.04,일반조리판매,보건행정과
휴게음식점,2007-06-01,지지고(GGGO),서울특별시 동작구 사당로 20 (상도동),서울특별시 동작구 상도동 505-6 ,13.65,일반조리판매,보건행정과
휴게음식점,2007-12-18,세븐일레븐 사당중앙점,서울특별시 동작구 동작대로3길 10 (사당동),서울특별시 동작구 사당동 1031-24 ,6.6,일반조리판매,보건행정과
휴게음식점,2008-03-03,롯데씨브이에스711 이수태평점,서울특별시 동작구 사당로 301-1 (사당동),서울특별시 동작구 사당동 147-78 ,5,편의점,보건행정과
휴게음식점,2008-05-20,미니스톱장승배기역점,서울특별시 동작구 장승배기로 71 (상도동),서울특별시 동작구 상도동 180-2 ,6,편의점,보건행정과
휴게음식점,2008-09-30,피자스쿨,서울특별시 동작구 상도로 357 (상도동),서울특별시 동작구 상도동 488 ,53.92,일반조리판매,보건행정과
휴게음식점,2008-10-17,김밥천국 노량진점,"서울특별시 동작구 만양로 72, 1층 (노량진동)",서울특별시 동작구 노량진동 223-20 ,21.78,일반조리판매,보건행정과
휴게음식점,2009-03-03,맛있는집 소풍,서울특별시 동작구 상도로 102 (상도동),서울특별시 동작구 상도동 324-1 ,58.4,일반조리판매,보건행정과
휴게음식점,2009-06-10,미니스톱 사당남사점,서울특별시 동작구 동작대로19길 16 (사당동),서울특별시 동작구 사당동 1006-31 ,3.3,일반조리판매,보건행정과
휴게음식점,2009-07-31,시장피자,"서울특별시 동작구 상도로22길 30, 1층 (상도동)",서울특별시 동작구 상도동 194-4 ,16.5,일반조리판매,보건행정과
휴게음식점,2009-08-14,세븐일레븐리버파크점,"서울특별시 동작구 만양로3길 20 (노량진동,신동아리버파크상가 1층)",서울특별시 동작구 노량진동 325-4 신동아리버파크상가 1층 ,6,편의점,보건행정과
휴게음식점,2009-08-28,경주빵 토방식품(주),서울특별시 동작구 동작대로29길 57 (사당동),서울특별시 동작구 사당동 127-49 ,21.19,일반조리판매,보건행정과
휴게음식점,2010-01-12,지에스25에스(GS25S) 신대방삼거리역점,,서울특별시 동작구 대방동 393 신대방삼거리역점 ,6.6,편의점,보건행정과
휴게음식점,2010-01-18,GS25 S 상도역점,,서울특별시 동작구 상도동 752-2 ,9.7,기타 휴게음식점,보건행정과
휴게음식점,2010-04-29,씨유 숭실대점,"서울특별시 동작구 사당로 42 (상도동,지하1층)",서울특별시 동작구 상도동 508-4 지하1층 ,3.3,편의점,보건행정과
휴게음식점,2010-05-10,수제도넛차칸분식,서울특별시 동작구 상도로22나길 31 (상도동),서울특별시 동작구 상도동 193-77 ,16.5,일반조리판매,보건행정과
휴게음식점,2010-09-03,미가매점,"서울특별시 동작구 보라매로5길 23 (신대방동,삼성옴니타워 지하1층 118호)",서울특별시 동작구 신대방동 395-62 삼성옴니타워 지하1층 118호 ,16.64,일반조리판매,보건행정과
휴게음식점,2010-09-29,아벨리아푸드Ⅱ 보라매병원점,"서울특별시 동작구 보라매로5길 20 (신대방동,서울특별시 보라매병원 본관1층)",서울특별시 동작구 신대방동 425 서울특별시 보라매병원 본관1층 ,33.37,일반조리판매,보건행정과
휴게음식점,2010-09-29,아벨리아푸드Ⅰ 보라매병원점,"서울특별시 동작구 보라매로5길 20 (신대방동,서울특별시 보라매병원 본관1층)",서울특별시 동작구 신대방동 425 서울특별시 보라매병원 본관1층 ,61.6,일반조리판매,보건행정과
휴게음식점,2010-10-06,만나 꼬기 반찬,"서울특별시 동작구 사당로16길 87 (사당동,(1층))",서울특별시 동작구 사당동 306-15 (1층) ,15.04,일반조리판매,보건행정과
휴게음식점,2010-11-10,책읽는고양이,"서울특별시 동작구 서달로10길 7 (흑석동,외 1필지 (2층))",서울특별시 동작구 흑석동 95-21 외 1필지 (2층) ,58.2,커피숍,보건행정과
휴게음식점,2010-11-22,이디야 커피 노량진 CTS점,"서울특별시 동작구 노량진로 110 (노량진동,외 15필지 1층 102호)",서울특별시 동작구 노량진동 41-5 외 15필지 1층 102호 ,41.25,커피숍,보건행정과
휴게음식점,2011-01-05,GS25 사당남사점,"서울특별시 동작구 동작대로17길 10 (사당동,1층)",서울특별시 동작구 사당동 1005-54 1층 ,3.3,편의점,보건행정과
휴게음식점,2011-03-10,Inyx(아이닉스),"서울특별시 동작구 동작대로27길 6 (사당동,(2층))",서울특별시 동작구 사당동 133-18 (2층) ,13,일반조리판매,보건행정과
휴게음식점,2011-03-18,함초美,,서울특별시 동작구 대방동 501 대림쇼핑상가동 1-21,24호 ,16.5,커피숍,보건행정과
휴게음식점,2011-04-01,즐거운커피,"서울특별시 동작구 장승배기로 112 (노량진동,(1층))",서울특별시 동작구 노량진동 230-21 (1층) ,16.5,일반조리판매,보건행정과
휴게음식점,2011-04-06,씨유 상도국사봉길점,"서울특별시 동작구 국사봉길 90 (상도동,(1층))",서울특별시 동작구 상도동 299-1 (1층) ,7,편의점,보건행정과
휴게음식점,2011-04-06,장성사우나스낵,"서울특별시 동작구 장승배기로 113 (노량진동,외 2 필지 지하2층(장성사우나내))",서울특별시 동작구 노량진동 312-6 외 2 필지 지하2층(장성사우나내) ,10,일반조리판매,보건행정과
휴게음식점,2011-05-30,타피오카(Tapioca),"서울특별시 동작구 동작대로 지하 3 (사당동,지하철4호선 복합상가2호)",서울특별시 동작구 사당동 1112 지하철4호선 복합상가2호 ,14,철도역구내,보건행정과
휴게음식점,2011-06-29,포베이 중앙대학교,,서울특별시 동작구 흑석동 221 중앙대학교 약학대학 R & D센터 지하1층 ,126.75,일반조리판매,보건행정과
휴게음식점,2011-09-21,양문카페,"서울특별시 동작구 시흥대로 646, 1층 4호 (신대방동)",서울특별시 동작구 신대방동 607-28 외 1필지 4호 ,51.98,커피숍,보건행정과
휴게음식점,2011-10-07,파리바게뜨(보라매타운점),"서울특별시 동작구 보라매로5가길 7 (신대방동,외 1필지 캐릭터그린빌 1층 102호,103호)",서울특별시 동작구 신대방동 395-73 외 1필지 캐릭터그린빌 1층 102호,103호 ,78.6,기타 휴게음식점,보건행정과
휴게음식점,2011-11-18,한젓가락하시겠소,,서울특별시 동작구 상도동 320-21 외 3필지 ,24.75,기타 휴게음식점,보건행정과
휴게음식점,2011-11-30,리틀제이콥스,,서울특별시 동작구 흑석동 45-2 흑석한강센트레빌 1층 111호 ,46.13,커피숍,보건행정과
휴게음식점,2011-12-27,맥도날드 이수점,"서울특별시 동작구 사당로 300 (사당동, 118,119,120,121,122 호)",서울특별시 동작구 사당동 147-29 118,119,120,121,122 호 ,213.33,패스트푸드,보건행정과
휴게음식점,2012-02-01,씨유 흑석명수대점,서울특별시 동작구 현충로 114-1 (흑석동),서울특별시 동작구 흑석동 43-94 ,6.6,편의점,보건행정과
휴게음식점,2012-03-06,씨유 상도대로점,서울특별시 동작구 상도로 292-1 (상도1동),서울특별시 동작구 상도1동 800-1 ,6.6,편의점,보건행정과
휴게음식점,2012-04-03,아이닉스PC방,"서울특별시 동작구 동작대로29나길 15 (사당동, 지하1층)",서울특별시 동작구 사당동 91-129 지하1층 ,10,일반조리판매,보건행정과
휴게음식점,2012-05-21,팔도쌀특산품,"서울특별시 동작구 사당로 지하 310 (사당동, 7호선 이수역 지하3층)",서울특별시 동작구 사당동 144-4 7호선 이수역 지하3층 ,19.8,일반조리판매,보건행정과
휴게음식점,2012-07-12,경성모밀,"서울특별시 동작구 동작대로29가길 6 (사당동, 1층)",서울특별시 동작구 사당동 88-18 1층 ,29.64,일반조리판매,보건행정과
휴게음식점,2012-08-16,베네버거,,서울특별시 동작구 상도동 365-1 1층 ,9.4,일반조리판매,보건행정과
휴게음식점,2012-09-06,피자헤븐 사당방배점,"서울특별시 동작구 사당로23길 26 (사당동, 1층)",서울특별시 동작구 사당동 160-52 1층 ,60.6,일반조리판매,보건행정과
휴게음식점,2012-10-16,씨유신대방덕우점,"서울특별시 동작구 여의대방로24길 66 (신대방동, 1층)",서울특별시 동작구 신대방동 361-37 1층 ,9.9,일반조리판매,보건행정과
휴게음식점,2012-11-01,씨유 동작행운점,"서울특별시 동작구 사당로 154, 1층 (사당동)",서울특별시 동작구 사당동 203-11 ,2.16,일반조리판매,보건행정과
휴게음식점,2012-11-29,울엄마떡볶이,"서울특별시 동작구 국사봉1길 4 (상도동, 1층)",서울특별시 동작구 상도동 328-10 1층 ,22,일반조리판매,보건행정과
휴게음식점,2013-05-31,사임당갤러리&카페,"서울특별시 동작구 동작대로39가길 89 (동작동, 1층)",서울특별시 동작구 동작동 61-44 1층 ,113.44,커피숍,보건행정과
휴게음식점,2014-02-17,슈니퐁당 와플&크레페,서울특별시 동작구 사당로 28 (상도동),서울특별시 동작구 상도동 505-1 ,18,일반조리판매,보건행정과
휴게음식점,2014-04-18,세븐일레븐(동작상도점),"서울특별시 동작구 상도로 206, 1층 (상도동)",서울특별시 동작구 상도동 170-10 ,2,편의점,보건행정과
휴게음식점,2014-04-23,씨유 사당갯마을점,서울특별시 동작구 동작대로43길 1 (동작동),서울특별시 동작구 동작동 102-31 ,3.3,편의점,보건행정과
휴게음식점,2014-04-25,씨유 사당보라점,서울특별시 동작구 동작대로29가길 20 (사당동),서울특별시 동작구 사당동 89-10 ,3.3,편의점,보건행정과
휴게음식점,2014-05-02,씨유 상도성대로점,"서울특별시 동작구 성대로10길 5, 1층 101호 (상도동, 아네트빌)",서울특별시 동작구 상도동 261-11 ,2,편의점,보건행정과
휴게음식점,2014-08-05,CU(씨유) 숭실대 원룸점,"서울특별시 동작구 상도로60길 15, 1층 (상도동)",서울특별시 동작구 상도동 497-12 ,3.3,편의점,보건행정과
휴게음식점,2014-08-06,(주) 비지에프리테일 상도약수점,"서울특별시 동작구 양녕로28길 4, 1층 (상도동)",서울특별시 동작구 상도동 211-225 ,3.3,편의점,보건행정과
휴게음식점,2014-08-07,GS25 상도골드점,서울특별시 동작구 양녕로26길 52 (상도동),서울특별시 동작구 상도동 215-11 ,3.3,편의점,보건행정과
휴게음식점,2014-08-20,GS25 동작우체국,서울특별시 동작구 여의대방로22길 78 (신대방동),서울특별시 동작구 신대방동 361-55 ,9.9,편의점,보건행정과
휴게음식점,2015-02-03,봉구스밥버거 중앙대후문점,서울특별시 동작구 흑석로 8 (상도1동),서울특별시 동작구 상도1동 645-2 ,31.35,일반조리판매,보건행정과
휴게음식점,2015-02-13,모녀옛날떡복이,서울특별시 동작구 사당로14길 13 (사당동),서울특별시 동작구 사당동 268-34 1층 ,34.8,일반조리판매,보건행정과
휴게음식점,2015-02-25,씨유사당태양점,"서울특별시 동작구 동작대로35길 25, 1층 (사당동)",서울특별시 동작구 사당동 71-2 ,62,편의점,보건행정과
휴게음식점,2015-04-10,GS사당이화점,"서울특별시 동작구 동작대로35길 18, 1층 (사당동)",서울특별시 동작구 사당동 39-18 ,5.13,편의점,보건행정과
휴게음식점,2015-06-02,키즈팡팡,"서울특별시 동작구 장승배기로 18, 지상2층 (상도동)",서울특별시 동작구 상도동 201-159 ,92.4,키즈카페,보건행정과
휴게음식점,2015-06-25,씨유 동작신동아점,"서울특별시 동작구 장승배기로16길 27, 1층 (노량진동)",서울특별시 동작구 노량진동 309-46 ,5,편의점,보건행정과
휴게음식점,2015-08-05,국수나무 이수역점,"서울특별시 동작구 사당로 300, 지상1층 (사당동)",서울특별시 동작구 사당동 147-29 ,40.25,일반조리판매,보건행정과
휴게음식점,2015-08-06,세븐PC방,"서울특별시 동작구 상도로 169, 지하1층 (상도동)",서울특별시 동작구 상도동 366-5 ,9.9,일반조리판매,보건행정과
휴게음식점,2015-09-03,세븐일레븐 숭실대정문점,서울특별시 동작구 상도로 372-4 (상도동),서울특별시 동작구 상도동 489-14 ,51.73,일반조리판매,보건행정과
휴게음식점,2015-09-08,커피도씨(℃),"서울특별시 동작구 동작대로 89, 골든시네마 제7 층 제707호 (사당동)",서울특별시 동작구 사당동 147-53 ,30.8,일반조리판매,보건행정과
휴게음식점,2015-10-07,선김밥,"서울특별시 동작구 상도로 168, 지상1층 (상도동)",서울특별시 동작구 상도동 364-23 ,23,일반조리판매,보건행정과
휴게음식점,2015-10-13,영도분식,"서울특별시 동작구 장승배기로10길 26, 지상1층 (상도동)",서울특별시 동작구 상도동 176-1 ,19,일반조리판매,보건행정과
휴게음식점,2015-11-11,꼭지떡볶이,"서울특별시 동작구 성대로2길 1, 지상1층 (상도동)",서울특별시 동작구 상도동 316-2 ,16.5,일반조리판매,보건행정과
휴게음식점,2015-11-26,지에스(GS)25보라매타워점,"서울특별시 동작구 보라매로5길 51, 지상1층 103호 (신대방동)",서울특별시 동작구 신대방동 395-67 ,3.3,편의점,보건행정과
휴게음식점,2015-12-18,세븐일레븐,서울특별시 동작구 사당로14길 32 (사당동),서울특별시 동작구 사당동 272-38 ,3.3,편의점,보건행정과
휴게음식점,2015-12-22,줄리브상도점,"서울특별시 동작구 상도로22나길 31, 지상1층 (상도동)",서울특별시 동작구 상도동 193-77 ,33.5,일반조리판매,보건행정과
휴게음식점,2016-01-22,지에스25노량메가점(GS25노량메가점),"서울특별시 동작구 노량진로 140, 지상1층 103호 (노량진동)",서울특별시 동작구 노량진동 57-1 ,3,편의점,보건행정과
휴게음식점,2016-02-01,이삭토스트,"서울특별시 동작구 상도로 168, 지상1층 (상도동)",서울특별시 동작구 상도동 364-23 ,10,일반조리판매,보건행정과
휴게음식점,2016-02-29,한끼컵밥,"서울특별시 동작구 장승배기로 120, 지상1층 (노량진동)",서울특별시 동작구 노량진동 309-39 ,16.52,일반조리판매,보건행정과
휴게음식점,2016-03-14,세븐일레븐대방동길점,서울특별시 동작구 대방동길 11 (대방동),서울특별시 동작구 대방동 391-9 ,6.6,편의점,보건행정과
휴게음식점,2016-03-22,인터파크PC방,"서울특별시 동작구 상도로 372, 지상3층 (상도동, 우리은행숭실대역지점)",서울특별시 동작구 상도동 494 ,3.3,일반조리판매,보건행정과
휴게음식점,2016-03-24,달탕,"서울특별시 동작구 사당로20길 28, 지상1층 (사당동)",서울특별시 동작구 사당동 319-5 ,17.52,일반조리판매,보건행정과
휴게음식점,2016-03-25,모노몰리PC방,"서울특별시 동작구 만양로 81, 지하1층 (노량진동)",서울특별시 동작구 노량진동 120-6 ,3.3,일반조리판매,보건행정과
휴게음식점,2016-03-28,가성비,"서울특별시 동작구 사당로 2, 지상1층 (상도동)",서울특별시 동작구 상도동 501-12 ,16,일반조리판매,보건행정과
휴게음식점,2016-04-05,탑클래스 PC,"서울특별시 동작구 보라매로 105, 지상2층 (신대방동)",서울특별시 동작구 신대방동 351-5 ,6,일반조리판매,보건행정과
휴게음식점,2016-04-05,로웰PC방,"서울특별시 동작구 노량진로 184, 지하1층 (노량진동)",서울특별시 동작구 노량진동 148-5 ,6.6,일반조리판매,보건행정과
휴게음식점,2016-04-06,켄즈피씨방,"서울특별시 동작구 만양로 7, 지하1층 (상도동)",서울특별시 동작구 상도동 22-107 ,6.7,일반조리판매,보건행정과
휴게음식점,2016-04-06,팀제이피씨방,"서울특별시 동작구 흑석로 79, 지하1층 (흑석동)",서울특별시 동작구 흑석동 195-19 ,6.6,일반조리판매,보건행정과
휴게음식점,2016-04-07,매직엔PC방,"서울특별시 동작구 서달로15길 23, 지하1층 (흑석동)",서울특별시 동작구 흑석동 181-1 ,5,일반조리판매,보건행정과
휴게음식점,2016-04-07,포포PC방 노량진점,"서울특별시 동작구 만양로 105, 지하1층 (노량진동)",서울특별시 동작구 노량진동 116-2 ,16.5,일반조리판매,보건행정과
휴게음식점,2016-04-07,메인PC방,"서울특별시 동작구 성대로 23, 지상3층 (상도동)",서울특별시 동작구 상도동 250-6 ,6.6,일반조리판매,보건행정과
휴게음식점,2016-04-11,싸이버파크PC방,"서울특별시 동작구 노량진로 180, 지하1층 (노량진동)",서울특별시 동작구 노량진동 148-91 ,5,일반조리판매,보건행정과
휴게음식점,2016-04-19,신참떡볶이,"서울특별시 동작구 노량진로 4, 지상1층 X2,YA호 (대방동)",서울특별시 동작구 대방동 341-2 ,13,일반조리판매,보건행정과
휴게음식점,2016-04-20,N-TOP PC카페,"서울특별시 동작구 상도로 102, 지하1층 (상도동)",서울특별시 동작구 상도동 324-1 ,9.9,일반조리판매,보건행정과
휴게음식점,2016-04-21,세븐일레븐동작사당점,서울특별시 동작구 동작대로1길 45 (사당동),서울특별시 동작구 사당동 1044-9 ,6.6,편의점,보건행정과
휴게음식점,2016-04-26,미니스톱동작휴앤하임점,"서울특별시 동작구 상도로15길 131, B102호 (상도동)",서울특별시 동작구 상도동 363-164 ,5,편의점,보건행정과
휴게음식점,2016-05-03,흥부가반해버리고놀부가기절한닭강정,"서울특별시 동작구 국사봉길 41, 지상1층 (상도동)",서울특별시 동작구 상도동 321-30 ,33,일반조리판매,보건행정과
휴게음식점,2016-05-03,씨유신대방다오라점,서울특별시 동작구 보라매로7가길 1 (신대방동),서울특별시 동작구 신대방동 344-259 ,15,편의점,보건행정과
휴게음식점,2016-05-11,GS25상도장안점,서울특별시 동작구 상도로37길 48 (상도1동),서울특별시 동작구 상도1동 268-1 1층 ,32.26,일반조리판매,보건행정과
휴게음식점,2016-05-30,세븐일레븐사당서광점,"서울특별시 동작구 동작대로27다길 29, 지상1층 (사당동)",서울특별시 동작구 사당동 138-4 ,6.6,편의점,보건행정과
휴게음식점,2016-05-31,GS25노들제일점,서울특별시 동작구 노량진로 252 (본동),서울특별시 동작구 본동 48 ,6.6,편의점,보건행정과
휴게음식점,2016-06-07,신전떡볶이(숭실대점),"서울특별시 동작구 상도로 372-3, 지상1층 (상도동)",서울특별시 동작구 상도동 494-1 ,45,일반조리판매,보건행정과
휴게음식점,2016-06-14,부산어묵,"서울특별시 동작구 서달로14나길 21, 지상1층 (흑석동)",서울특별시 동작구 흑석동 54-136 ,12.8,일반조리판매,보건행정과
휴게음식점,2016-06-16,13호매점,"서울특별시 동작구 노들로 674, 노량진수산물도매시장 2층 매점13호 (노량진동)",서울특별시 동작구 노량진동 13-6 노량진수산물도매시장 ,7.27,일반조리판매,보건행정과
휴게음식점,2016-06-22,GS25사당극동점,"서울특별시 동작구 동작대로29길 119, 114동 상가 1층 102호 (사당동)",서울특별시 동작구 사당동 105 ,6.6,편의점,보건행정과
휴게음식점,2016-07-07,O.GUN아이스크림,"서울특별시 동작구 노들로 674, 지상2층 매점9호 (노량진동)",서울특별시 동작구 노량진동 13-6 ,5.29,아이스크림,보건행정과
휴게음식점,2016-07-21,용PC cafe 숭실대점,"서울특별시 동작구 상도로61길 40, 지상3층 (상도동)",서울특별시 동작구 상도동 504-3 ,6.6,일반조리판매,보건행정과
휴게음식점,2016-07-28,JJ PC방,"서울특별시 동작구 흑석로 112, 지하1층 (흑석동)",서울특별시 동작구 흑석동 182-5 ,5,일반조리판매,보건행정과
휴게음식점,2016-07-29,GS25동작도서관점,"서울특별시 동작구 장승배기로 96, 지상1층 (노량진동)",서울특별시 동작구 노량진동 310-99 ,6.6,편의점,보건행정과
휴게음식점,2016-07-29,오다가다,"서울특별시 동작구 동작대로35길 10, 지상1층 (사당동)",서울특별시 동작구 사당동 39-10 ,48,일반조리판매,보건행정과
휴게음식점,2016-08-26,쓰리탑(3TOP),"서울특별시 동작구 동작대로27가길 44, 지상4층 (사당동)",서울특별시 동작구 사당동 147-81 ,19.8,일반조리판매,보건행정과
휴게음식점,2016-08-31,더블유PC방,"서울특별시 동작구 상도로63길 15, 지하1층 (상도동)",서울특별시 동작구 상도동 503 ,3.3,일반조리판매,보건행정과
휴게음식점,2016-09-07,GS25사당수석점,"서울특별시 동작구 남부순환로259길 11, 지하1층 (사당동)",서울특별시 동작구 사당동 1051-41 ,6.6,편의점,보건행정과
휴게음식점,2016-09-20,310쌀국수,"서울특별시 동작구 흑석로 84, 지하4층 409호 (흑석동, 310관)",서울특별시 동작구 흑석동 221 ,123.64,일반조리판매,보건행정과
휴게음식점,2016-10-04,피플러스PC방,"서울특별시 동작구 동작대로 85, 지하1층 (사당동)",서울특별시 동작구 사당동 1007-39 ,6.3,일반조리판매,보건행정과
휴게음식점,2016-10-06,포유피시방,"서울특별시 동작구 동작대로 141, 지하1층 (사당동)",서울특별시 동작구 사당동 86-5 ,6.6,일반조리판매,보건행정과
휴게음식점,2016-10-12,이마트24 전문건설회관점,"서울특별시 동작구 보라매로5길 15, 지하1층 (신대방동)",서울특별시 동작구 신대방동 395-70 ,5,편의점,보건행정과
휴게음식점,2016-10-14,컵속애,"서울특별시 동작구 노량진로16길 28-1, 지상1층 (노량진동)",서울특별시 동작구 노량진동 89-2 ,18,일반조리판매,보건행정과
휴게음식점,2016-11-03,얌샘(김밥),"서울특별시 동작구 장승배기로11가길 11, 상도파크자이단지내상가동 102호 (상도동)",서울특별시 동작구 상도동 363-3 ,40,일반조리판매,보건행정과
휴게음식점,2016-11-07,GS25동작한양점,서울특별시 동작구 노량진로6길 59 (노량진동),서울특별시 동작구 노량진동 289-88 ,3.3,편의점,보건행정과
휴게음식점,2016-11-16,이스포츠센터(e-스포츠센터),"서울특별시 동작구 양녕로 280-1, 지하1층 (상도1동)",서울특별시 동작구 상도1동 635 ,13.2,일반조리판매,보건행정과
휴게음식점,2016-11-29,GS25대방등용점,서울특별시 동작구 등용로 96 (대방동),서울특별시 동작구 대방동 20-10 ,3.3,편의점,보건행정과
휴게음식점,2016-12-07,이마트24노량진로점,"서울특별시 동작구 노량진로8길 26, 지상1층 (노량진동)",서울특별시 동작구 노량진동 261-2 ,3.3,편의점,보건행정과
휴게음식점,2016-12-12,세븐일레븐상도역점,서울특별시 동작구 상도로 274 (상도1동),서울특별시 동작구 상도1동 747-3 ,3.3,편의점,보건행정과
휴게음식점,2016-12-13,한끼니,"서울특별시 동작구 상도로 65, 지상1층 (대방동)",서울특별시 동작구 대방동 394-7 ,30,일반조리판매,보건행정과
휴게음식점,2016-12-30,엘에스와이 랩,"서울특별시 동작구 노량진로 250, 지상1층 (본동)",서울특별시 동작구 본동 126-13 ,19,일반조리판매,보건행정과
휴게음식점,2017-01-03,GS25상도스위트,서울특별시 동작구 상도로15길 13 (상도동),서울특별시 동작구 상도동 351-7 ,5,편의점,보건행정과
휴게음식점,2017-01-04,씨유대방행복,서울특별시 동작구 대방동15길 3 (대방동),서울특별시 동작구 대방동 391-241 ,6.6,편의점,보건행정과
휴게음식점,2017-01-10,타요키즈카페보라매점,"서울특별시 동작구 보라매로5가길 16, 603호 (신대방동)",서울특별시 동작구 신대방동 395-69 ,68,키즈카페,보건행정과
휴게음식점,2017-01-11,카페쿠잉(cafe cooing),"서울특별시 동작구 여의대방로 286, 지상1층 (대방동)",서울특별시 동작구 대방동 341-4 ,25,일반조리판매,보건행정과
휴게음식점,2017-01-31,굿센스PC방 사당본점,"서울특별시 동작구 남부순환로 2055, 지하1층 101호 (사당동)",서울특별시 동작구 사당동 1046-8 ,6.6,일반조리판매,보건행정과
휴게음식점,2017-02-16,GS25상도래미안점,"서울특별시 동작구 상도로37길 76, 1층 (상도동, 리치타운)",서울특별시 동작구 상도동 486 ,6.6,일반조리판매,보건행정과
휴게음식점,2017-02-21,명랑쌀핫도그 이수점,"서울특별시 동작구 동작대로27길 22, 1층 (사당동)",서울특별시 동작구 사당동 139-36 ,18,일반조리판매,보건행정과
휴게음식점,2017-02-21,GS25 사당센시티점,"서울특별시 동작구 사당로 169, 1층 (사당동)",서울특별시 동작구 사당동 218 ,3,일반조리판매,보건행정과
휴게음식점,2017-02-28,(주)한국축지,"서울특별시 동작구 사당로 300, 지하1층 (사당동)",서울특별시 동작구 사당동 147-29 ,51.84,일반조리판매,보건행정과
휴게음식점,2017-03-15,포들(보라매점),"서울특별시 동작구 보라매로3길 29, 지하1층 50호, 51호 (신대방동, 해태보라매타워)",서울특별시 동작구 신대방동 708 ,17.4,일반조리판매,보건행정과
휴게음식점,2017-03-15,이스포츠센터PC방,"서울특별시 동작구 상도로47길 4, 지하1층 (상도동)",서울특별시 동작구 상도동 463-2 ,13.2,일반조리판매,보건행정과
휴게음식점,2017-04-04,지에스(GS)25 사당남부점,"서울특별시 동작구 남부순환로 2055, 1층 (사당동)",서울특별시 동작구 사당동 1046-8 ,3,편의점,보건행정과
휴게음식점,2017-04-10,GS25사당역점,"서울특별시 동작구 동작대로1길 27, 1층 (사당동)",서울특별시 동작구 사당동 1044-37 ,3.3,일반조리판매,보건행정과
휴게음식점,2017-04-19,호야PC월드 본점,"서울특별시 동작구 국사봉1길 32, 6층 (상도동, 성대빌딩)",서울특별시 동작구 상도동 322-19 ,15,일반조리판매,보건행정과
휴게음식점,2017-04-19,GS25신대방중앙점,"서울특별시 동작구 국사봉길 12, 1층 (신대방동)",서울특별시 동작구 신대방동 347-2 ,3,일반조리판매,보건행정과
휴게음식점,2017-04-24,샐러디보라매점,"서울특별시 동작구 보라매로5길 43, 1층 109호 (신대방동, 보라매삼성쉐르빌)",서울특별시 동작구 신대방동 395-66 ,51.26,일반조리판매,보건행정과
휴게음식점,2017-05-16,세븐일레븐 대방성남점,"서울특별시 동작구 대방동길 71, 1층 (대방동)",서울특별시 동작구 대방동 376-5 ,6.6,일반조리판매,보건행정과
휴게음식점,2017-05-18,GS25동작이편한점,"서울특별시 동작구 국사봉2길 35, 1층 (신대방동)",서울특별시 동작구 신대방동 340-6 ,6,일반조리판매,보건행정과
휴게음식점,2017-05-23,GS25중대후문점,"서울특별시 동작구 흑석로 18, 1층 (상도1동)",서울특별시 동작구 상도1동 491-1 ,6.6,일반조리판매,보건행정과
휴게음식점,2017-05-26,세븐일레븐 상도파크자이점,"서울특별시 동작구 장승배기로11가길 11, 상가동 지하2층 103호 (상도동, 상도파크자이)",서울특별시 동작구 상도동 900 ,3.3,일반조리판매,보건행정과
휴게음식점,2017-05-30,환희컵밥도시락,"서울특별시 동작구 노량진로 252, 지하1층 101호 (본동)",서울특별시 동작구 본동 48 ,27,일반조리판매,보건행정과
휴게음식점,2017-05-31,GS25양녕골드,"서울특별시 동작구 양녕로25길 42, 1층 (상도동)",서울특별시 동작구 상도동 210-191 ,3.3,일반조리판매,보건행정과
휴게음식점,2017-06-20,베러댄와플 중앙대점,"서울특별시 동작구 서달로 163, 1층 (흑석동)",서울특별시 동작구 흑석동 100-9 ,12.93,일반조리판매,보건행정과
휴게음식점,2017-06-21,GS25사당드림점,"서울특별시 동작구 동작대로7길 56, 1층 105호 (사당동)",서울특별시 동작구 사당동 1038-51 ,3.3,일반조리판매,보건행정과
휴게음식점,2017-07-07,GS25상도맨션점,"서울특별시 동작구 성대로 189, 1층 (상도동)",서울특별시 동작구 상도동 202-176 ,3,편의점,보건행정과
휴게음식점,2017-07-11,GS25상도행운점,"서울특별시 동작구 국사봉1길 81, 1층 (상도동)",서울특별시 동작구 상도동 307-13 ,3.3,일반조리판매,보건행정과
휴게음식점,2017-07-27,씨유노량진리버파크점,"서울특별시 동작구 만양로 19, 상가동 1층 112호,113호,114호 (노량진동, 신동아리버파크아파트)",서울특별시 동작구 노량진동 325 ,3.3,일반조리판매,보건행정과
휴게음식점,2017-08-09,씨유동작스위트점,"서울특별시 동작구 보라매로 76-1, 1층 (신대방동)",서울특별시 동작구 신대방동 342-38 ,6,일반조리판매,보건행정과
휴게음식점,2017-08-11,GS25사당문화점,"서울특별시 동작구 사당로 196, 1층 (사당동)",서울특별시 동작구 사당동 248-5 ,3,일반조리판매,보건행정과
휴게음식점,2017-09-05,GS25동작신라점,"서울특별시 동작구 시흥대로 602, 1층 (신대방동)",서울특별시 동작구 신대방동 686-53 ,3.3,일반조리판매,보건행정과
휴게음식점,2017-09-15,애플PC방,"서울특별시 동작구 양녕로 257, 3층 (상도1동)",서울특별시 동작구 상도1동 708-1 ,3.3,일반조리판매,보건행정과
휴게음식점,2017-09-20,GS25동작상도점,"서울특별시 동작구 상도로 130, 1층 (상도동)",서울특별시 동작구 상도동 355-6 ,6.6,일반조리판매,보건행정과
휴게음식점,2017-09-26,GS25상도아람점,"서울특별시 동작구 국사봉1길 149, 1층 (상도동)",서울특별시 동작구 상도동 289 ,3.3,일반조리판매,보건행정과
휴게음식점,2017-09-27,GS25대방쉐르빌점,"서울특별시 동작구 등용로 49, A동 B01호 (대방동)",서울특별시 동작구 대방동 5-2 ,3.3,일반조리판매,보건행정과
휴게음식점,2017-09-29,GS25상도엠코점,"서울특별시 동작구 상도로 346-2, 401동 B404호 (상도동)",서울특별시 동작구 상도동 533 ,3.3,일반조리판매,보건행정과
휴게음식점,2017-10-11,명품찹쌀꽈배기&핫도그,"서울특별시 동작구 사당로16길 19, 1층 (사당동)",서울특별시 동작구 사당동 318-75 ,17,일반조리판매,보건행정과
휴게음식점,2017-10-12,스마일,"서울특별시 동작구 여의대방로22길 88, 1층 (신대방동)",서울특별시 동작구 신대방동 361-92 ,23,일반조리판매,보건행정과
휴게음식점,2017-10-18,GS25상도미래점,"서울특별시 동작구 상도로60가길 12, 1층 (상도동)",서울특별시 동작구 상도동 126-86 ,6.6,일반조리판매,보건행정과
휴게음식점,2017-10-31,GS25대방현대점,"서울특별시 동작구 등용로 127, 가동 1층 102호 (대방동, 대방동현대아파트)",서울특별시 동작구 대방동 502 대방동현대아파트 ,3.3,일반조리판매,보건행정과
휴게음식점,2017-11-08,GS대방성남점,"서울특별시 동작구 대방동23길 18, 1층 (대방동)",서울특별시 동작구 대방동 376-28 ,3.3,일반조리판매,보건행정과
휴게음식점,2017-11-13,GS25상도초교편의점,"서울특별시 동작구 성대로29길 79, 지하1층 (상도동)",서울특별시 동작구 상도동 238 대광빌딩 ,3.3,일반조리판매,보건행정과
휴게음식점,2017-11-13,영도순대,"서울특별시 동작구 장승배기로10길 26, 1층 (상도동, 영도시장)",서울특별시 동작구 상도동 176-1 영도시장 ,13.2,일반조리판매,보건행정과
휴게음식점,2017-11-17,GS25신이수자이점,"서울특별시 동작구 사당로28길 6, 1층 (사당동)",서울특별시 동작구 사당동 1003-40 ,3.3,일반조리판매,보건행정과
휴게음식점,2017-11-23,미니스톱 사당오거리점,"서울특별시 동작구 사당로20길 42, 1층 (사당동)",서울특별시 동작구 사당동 316-26 ,6,편의점,보건행정과
휴게음식점,2017-11-28,씨유사당서달산점,"서울특별시 동작구 사당로23길 215, 1층 (사당동)",서울특별시 동작구 사당동 175-5 ,3.3,일반조리판매,보건행정과
휴게음식점,2017-12-12,김종구부산어묵,"서울특별시 동작구 노량진로 157-1, 1층 (노량진동)",서울특별시 동작구 노량진동 67-8 굿베이커리 ,18,일반조리판매,보건행정과
휴게음식점,2017-12-13,세븐일레븐 동작대방역점,"서울특별시 동작구 노량진로 22, 경방빌딩 1층 (대방동)",서울특별시 동작구 대방동 339-15 경방빌딩 ,3.3,일반조리판매,보건행정과
휴게음식점,2017-12-21,GS25노량진수산시장점,"서울특별시 동작구 노들로 674, 노량진수산물도매시장 2층 편의점호 (노량진동)",서울특별시 동작구 노량진동 13-6 노량진수산물도매시장 ,3.3,일반조리판매,보건행정과
휴게음식점,2018-01-04,김가네김밥,"서울특별시 동작구 사당로 12, 지하1층 B02호 (상도동)",서울특별시 동작구 상도동 502-8 ,61.94,일반조리판매,보건행정과
휴게음식점,2018-01-16,GS25사당교보,"서울특별시 동작구 동작대로13길 3, JH빌딩 1층 (사당동)",서울특별시 동작구 사당동 1019-30 JH빌딩 ,3.3,일반조리판매,보건행정과
휴게음식점,2018-01-19,몬스터PC방 2호점,"서울특별시 동작구 흑석로 111, 지하1층 (흑석동)",서울특별시 동작구 흑석동 181-11 ,6,일반조리판매,보건행정과
휴게음식점,2018-01-19,몬스터PC방 1호점,"서울특별시 동작구 흑석로 105, 3층 (흑석동)",서울특별시 동작구 흑석동 183-5 ,6.6,일반조리판매,보건행정과
휴게음식점,2018-02-07,CU중대동양점,"서울특별시 동작구 흑석로9길 7, 1층 (흑석동)",서울특별시 동작구 흑석동 190-35 ,3.3,일반조리판매,보건행정과
휴게음식점,2018-02-14,이마트24동작중심점,"서울특별시 동작구 사당로16바길 34, 엘파라시오 1층 101호 (사당동)",서울특별시 동작구 사당동 296-8 엘파라시오 ,4,일반조리판매,보건행정과
휴게음식점,2018-02-19,놀숲노량진점,"서울특별시 동작구 노량진로 176, 지하1층 (노량진동)",서울특별시 동작구 노량진동 148-89 ,41.17,일반조리판매,보건행정과
휴게음식점,2018-02-20,씨유중대청룡점,"서울특별시 동작구 흑석로6길 23, 1층 (흑석동)",서울특별시 동작구 흑석동 207-26 ,6.6,일반조리판매,보건행정과
휴게음식점,2018-02-27,GS25사당래미안,"서울특별시 동작구 사당로23길 181, 1층 (사당동)",서울특별시 동작구 사당동 175-25 ,6.6,일반조리판매,보건행정과
휴게음식점,2018-03-02,GS25노량진본점,"서울특별시 동작구 노량진로8길 40, 1층 (노량진동)",서울특별시 동작구 노량진동 258-42 ,3.3,일반조리판매,보건행정과
휴게음식점,2018-03-15,씨유상도래미안점,"서울특별시 동작구 상도로53길 47, 1층 (상도1동)",서울특별시 동작구 상도1동 318-3 동인할인마트 ,6.6,일반조리판매,보건행정과
휴게음식점,2018-04-19,KIS정보통신(주) 미니스톱 중앙대후문점,"서울특별시 동작구 흑석로 13, 서우 1층 (상도1동)",서울특별시 동작구 상도1동 497 서우 ,8,편의점,보건행정과
휴게음식점,2018-06-01,이마트24사당역점,"서울특별시 동작구 남부순환로 2045, 1층 (사당동)",서울특별시 동작구 사당동 1047-32 동진빌딩 ,10,편의점,보건행정과
휴게음식점,2018-06-07,GS25사당까치점,"서울특별시 동작구 사당로16길 65, 동빌딩 (사당동)",서울특별시 동작구 사당동 309-21 동빌딩 ,3.3,편의점,보건행정과
휴게음식점,2018-06-20,씨유 M사당폰토피아점,"서울특별시 동작구 동작대로 지하 3, 사당역(4호선) 433-140호 (사당동)",서울특별시 동작구 사당동 588-44 사당역(4호선) ,6,편의점,보건행정과
휴게음식점,2018-07-16,세븐일레븐 상도한사랑점,"서울특별시 동작구 상도로41길 39, 대경리치빌 1층 (상도1동)",서울특별시 동작구 상도1동 441-6 대경리치빌 ,3.3,편의점,보건행정과
휴게음식점,2018-07-17,세븐일레븐 상도터널점,"서울특별시 동작구 상도로 265-30, 1층 (상도1동)",서울특별시 동작구 상도1동 691 신도리코 ,6.6,편의점,보건행정과
휴게음식점,2018-07-18,씨유 노들타운점,"서울특별시 동작구 노량진로26길 25, 1층 (본동)",서울특별시 동작구 본동 48-29 ,3.3,편의점,보건행정과
휴게음식점,2018-07-24,이마트24 상도역점,"서울특별시 동작구 상도로 257, 1층 (상도동)",서울특별시 동작구 상도동 34-30 ,3.3,편의점,보건행정과
휴게음식점,2018-08-13,피에스타피씨방,"서울특별시 동작구 보라매로5가길 16, 지201호 (신대방동, 보라매아카데미타워)",서울특별시 동작구 신대방동 395-69 보라매아카데미타워 ,8.25,일반조리판매,보건행정과
휴게음식점,2018-09-11,GS25 숭실대점,"서울특별시 동작구 사당로 30, 1층 (상도동)",서울특별시 동작구 상도동 505 ,6.6,편의점,보건행정과
휴게음식점,2018-09-13,GS25 동작정금마을,"서울특별시 동작구 동작대로 189, 1층 102호 (동작동)",서울특별시 동작구 동작동 55-21 ,3.3,편의점,보건행정과
휴게음식점,2018-09-28,씨유 사당주영점,서울특별시 동작구 동작대로29길 127 (사당동),서울특별시 동작구 사당동 105-4 주영교회 ,3.3,편의점,보건행정과
휴게음식점,2018-10-04,세븐일레븐 동작대림점,"서울특별시 동작구 상도로 43-1, 1층 (대방동)",서울특별시 동작구 대방동 396-1 ,6.6,편의점,보건행정과
휴게음식점,2018-11-12,이마트24 사당사계시장점,"서울특별시 동작구 동작대로31길 30, 1층 101호 (사당동, 형제 팰리스)",서울특별시 동작구 사당동 91-2 형제 팰리스 ,3,편의점,보건행정과
휴게음식점,2018-11-16,CU신대방리안점,"서울특별시 동작구 상도로 59, 1층 103호 (대방동, 리안)",서울특별시 동작구 대방동 394-26 리안 ,3.3,편의점,보건행정과
휴게음식점,2018-11-21,지에스25동작엠코타운,"서울특별시 동작구 상도로 346-1, 상가3동 1층 103,104호 (상도동, 상도엠코타운 센트럴파크)",서울특별시 동작구 상도동 531 상도엠코타운 센트럴파크 ,3.3,편의점,보건행정과
휴게음식점,2018-11-21,CU상도삼성점,"서울특별시 동작구 등용로 38, 상가동 1층 101호 (상도동, 상도동래미안(1차)아파트)",서울특별시 동작구 상도동 455 상도동래미안(1차)아파트 ,6.6,편의점,보건행정과
휴게음식점,2018-11-28,씨유 보라매타운점,"서울특별시 동작구 보라매로5가길 24, 업무동 1층 102호 (신대방동, 보라매나산스위트)",서울특별시 동작구 신대방동 395-68 보라매나산스위트 ,3.3,편의점,보건행정과
휴게음식점,2018-12-12,(주)씨스페이시스 흑석중대점,"서울특별시 동작구 서달로14가길 1, 1층 (흑석동)",서울특별시 동작구 흑석동 52-1 ,6.6,편의점,보건행정과
휴게음식점,2018-12-24,지에스25(GS25)사당점,"서울특별시 동작구 사당로23나길 34, 1층 (사당동)",서울특별시 동작구 사당동 162-61 ,3.3,편의점,보건행정과
휴게음식점,2018-12-11,탕면,"서울특별시 동작구 여의대방로26길 71, 1층 2호 (대방동)",서울특별시 동작구 대방동 403-25 ,25,일반조리판매,보건행정과
휴게음식점,2019-01-08,씨유 동작산들점,"서울특별시 동작구 신대방길 19, 1층 (신대방동)",서울특별시 동작구 신대방동 691-36 ,3,편의점,보건행정과
휴게음식점,2019-01-16,CU상도역점,"서울특별시 동작구 상도로 266, 1층 (상도1동)",서울특별시 동작구 상도1동 705 ,3,편의점,보건행정과
휴게음식점,2019-01-29,씨유동작구청2호점,"서울특별시 동작구 노량진로8길 72, 1층 (노량진동)",서울특별시 동작구 노량진동 244-12 ,3.3,편의점,보건행정과
휴게음식점,2019-02-07,세븐일레븐 동작리버하임점,"서울특별시 동작구 현충로 52, 상가1동 1층 9호 (흑석동)",서울특별시 동작구 흑석동 158-1 ,6.6,커피숍,보건행정과
휴게음식점,2019-03-04,CU 상도포스코점,"서울특별시 동작구 장승배기로10길 130, 1층 (상도동)",서울특별시 동작구 상도동 521 상도 더샾아파트 ,6.6,편의점,보건행정과
휴게음식점,2019-03-15,지에스(GS)25 상도건영점,"서울특별시 동작구 만양로 26, 상가동 2층 211호 (상도동, 건영아파트)",서울특별시 동작구 상도동 414 건영아파트 ,3.3,편의점,보건행정과
휴게음식점,2019-03-15,세븐일레븐 동작성대로점,"서울특별시 동작구 성대로1길 9, 1층 (상도동)",서울특별시 동작구 상도동 346-1 ,6.6,편의점,보건행정과
휴게음식점,2019-03-28,지에스25 대방경남점,"서울특별시 동작구 여의대방로54길 14, 1층 (대방동)",서울특별시 동작구 대방동 344-1 경준빌딩 ,3.3,편의점,보건행정과
휴게음식점,2019-04-01,지에스25(GS25) S이수역점,"서울특별시 동작구 사당로 지하 310, 이수역(7호선) (사당동)",서울특별시 동작구 사당동 144-4 이수역(7호선) ,3.3,편의점,보건행정과
휴게음식점,2019-04-02,지에스(GS)25 노들역점,"서울특별시 동작구 노량진로23가길 23, 상가동 105호 (본동, 래미안 트윈파크)",서울특별시 동작구 본동 494 래미안 트윈파크 ,3.3,편의점,보건행정과
휴게음식점,2019-04-12,CU노량진장미점,"서울특별시 동작구 만양로 105, 1층 (노량진동)",서울특별시 동작구 노량진동 116-2 한성빌딩 ,3.3,편의점,보건행정과
휴게음식점,2019-04-15,씨유 이수나누리점,"서울특별시 동작구 동작대로27길 18, 1층 (사당동)",서울특별시 동작구 사당동 132-6 ,3.3,편의점,보건행정과
휴게음식점,2019-04-17,지에스(GS)25 상도스카이점,"서울특별시 동작구 성대로10길 56, 1층 (상도동)",서울특별시 동작구 상도동 279-275 ,3.3,편의점,보건행정과
휴게음식점,2019-04-19,GS25 대방서울점,"서울특별시 동작구 상도로 17-8, 새문빌딩 101,102호 (대방동)",서울특별시 동작구 대방동 397-26 새문빌딩 ,3.3,편의점,보건행정과
휴게음식점,2019-04-26,씨유 상도예강점,"서울특별시 동작구 성대로6길 32, 1층 (상도동)",서울특별시 동작구 상도동 313-36 ,3.3,편의점,보건행정과
휴게음식점,2019-05-02,CU총신대종합관점,"서울특별시 동작구 사당로 143, 대한예수교장로회총회신학원 1층 (사당동)",서울특별시 동작구 사당동 200-1 대한예수교장로회총회신학원 ,3,편의점,보건행정과
휴게음식점,2019-05-07,씨유 노량진우성점,"서울특별시 동작구 만양로8길 6, 1층 (노량진동)",서울특별시 동작구 노량진동 214-8 전원미술학원 ,2,편의점,보건행정과
휴게음식점,2019-05-08,지에스25 흑석캐슬,"서울특별시 동작구 서달로 123, 상가동 1층 102호 (흑석동)",서울특별시 동작구 흑석동 232-55 ,3.3,편의점,보건행정과
휴게음식점,2019-05-16,세븐일레븐 동작옴니타워점,"서울특별시 동작구 보라매로5길 23, 지하1층 B107,108호 (신대방동, 삼성보라매옴니타워)",서울특별시 동작구 신대방동 395-62 삼성보라매옴니타워 ,6.6,편의점,보건행정과
휴게음식점,2019-05-27,세븐일레븐 사당1동점,"서울특별시 동작구 남부순환로265가길 20, 제지하층 제101호 (사당동, 가온)",서울특별시 동작구 사당동 419-120 가온 ,6.6,편의점,보건행정과
휴게음식점,2019-05-29,세븐일레븐 흑석리버하임점,"서울특별시 동작구 현충로 52, 아크로 리버하임 근린생활시설 7-2 34호 (흑석동)",서울특별시 동작구 흑석동 158-1 ,6.6,편의점,보건행정과
휴게음식점,2019-06-21,큰집닭강정,"서울특별시 동작구 성대로 28, 1층 (상도동)",서울특별시 동작구 상도동 313-22 ,29.34,일반조리판매,보건행정과
휴게음식점,2019-06-21,CU숭실대역점,"서울특별시 동작구 상도로 368-1, 1층 (상도동)",서울특별시 동작구 상도동 489-8 청봉빌딩 ,3.3,일반조리판매,보건행정과
휴게음식점,2019-07-10,CU 사당리가점,"서울특별시 동작구 사당로27길 130, 지층 204호 (사당동, 이수역리가아파트)",서울특별시 동작구 사당동 1157 이수역리가아파트 ,3,편의점,보건행정과
휴게음식점,2019-08-13,CU노량진청탑점,"서울특별시 동작구 노량진로 114, 1층 (노량진동)",서울특별시 동작구 노량진동 40-14 청탑학원 ,3.3,일반조리판매,보건행정과
휴게음식점,2019-08-16,경성꽈배기,"서울특별시 동작구 동작대로29길 17, 1층 (사당동)",서울특별시 동작구 사당동 130-14 ,24,일반조리판매,보건행정과
휴게음식점,2019-10-15,(CU)노량진드림점,"서울특별시 동작구 노량진로6길 88, 1층 (노량진동)",서울특별시 동작구 노량진동 297-5 예원피아노 ,3,편의점,보건행정과
휴게음식점,2019-10-16,지에스25 동작현대점,"서울특별시 동작구 현충로 153, 한강현대아파트 상가동 지하9호 (흑석동)",서울특별시 동작구 흑석동 28 한강현대아파트 ,6.6,편의점,보건행정과
휴게음식점,2019-10-18,씨유 상도개미점,"서울특별시 동작구 상도로15길 36, 1층 (상도동)",서울특별시 동작구 상도동 354-3 ,3,편의점,보건행정과
휴게음식점,2019-10-23,씨유숭실대중앙점,"서울특별시 동작구 상도로63길 21, 1층 (상도동)",서울특별시 동작구 상도동 504-8 ,3.3,편의점,보건행정과
휴게음식점,2019-10-25,닥터방방,"서울특별시 동작구 동작대로29길 69, 402-1호 (사당동)",서울특별시 동작구 사당동 120-1 금강산보석불가마사우나 ,6,키즈카페,보건행정과
휴게음식점,2019-10-25,지에스25 중대학사,"서울특별시 동작구 흑석로 88, 1층 (흑석동)",서울특별시 동작구 흑석동 223-18 ,3.3,편의점,보건행정과
휴게음식점,2019-11-22,씨유 성대시장점,"서울특별시 동작구 상도로 102, 성대시장 1층 (상도동)",서울특별시 동작구 상도동 324-1 성대시장 ,3,편의점,보건행정과
휴게음식점,2019-12-05,지에스(GS)25 사당본점,"서울특별시 동작구 사당로22나길 22, 1층 (사당동)",서울특별시 동작구 사당동 429-35 ,3.3,편의점,보건행정과
휴게음식점,2019-12-11,아이센스리그PC사당점,"서울특별시 동작구 남부순환로 2067, 3층 (사당동)",서울특별시 동작구 사당동 1044-4 정석빌딩 ,34,일반조리판매,보건행정과
휴게음식점,2020-01-14,씨유상도양녕로점,"서울특별시 동작구 양녕로20길 80, 1층 (상도동)",서울특별시 동작구 상도동 214-88 ,3.3,편의점,보건행정과
휴게음식점,2020-03-31,세븐일레븐 동작제일점,"서울특별시 동작구 사당로12길 22, 1층 (사당동)",서울특별시 동작구 사당동 249-11 ,40.18,편의점,보건행정과
휴게음식점,2020-04-06,지에스이십오흑석한강,"서울특별시 동작구 흑석한강로 27, D동 B층 303,304호 (흑석동, 흑석한강푸르지오)",서울특별시 동작구 흑석동 336 흑석한강푸르지오 ,30.94,편의점,보건행정과
휴게음식점,2020-04-10,데이 앤 데이(씨스페이스)남성역점,"서울특별시 동작구 사당로12길 2, 1층 (사당동)",서울특별시 동작구 사당동 250-7 ,76.08,편의점,보건행정과
휴게음식점,2020-04-24,엄마네반찬,"서울특별시 동작구 만양로 84, 지하1층 6호 (노량진동, 삼익주상복합아파트)",서울특별시 동작구 노량진동 330 삼익주상복합아파트 ,8.9,일반조리판매,보건행정과
휴게음식점,2020-04-27,분식라운지,"서울특별시 동작구 여의대방로 80, 1층 (신대방동)",서울특별시 동작구 신대방동 498-51 ,23.8,일반조리판매,보건행정과
휴게음식점,2020-05-27,노량진시장튀김,"서울특별시 동작구 노들로 674, 노량진수산물도매시장 2층 식자재11호 (노량진동)",서울특별시 동작구 노량진동 13-6 노량진수산물도매시장 ,11.27,일반조리판매,보건행정과
휴게음식점,2020-06-17,지에스(GS)25 흑석푸르지오점,"서울특별시 동작구 흑석한강로 27, 상가A동 지하2층 B205호 (흑석동, 흑석한강푸르지오)",서울특별시 동작구 흑석동 336 흑석한강푸르지오 ,64.48,편의점,보건행정과
휴게음식점,2020-06-18,지에스(GS)25 상도모아점,"서울특별시 동작구 상도로41가길 15, 1층 (상도1동)",서울특별시 동작구 상도1동 660-1 ,3.3,편의점,보건행정과
휴게음식점,2020-06-22,씨유 사당모임점,"서울특별시 동작구 사당로2차길 82, 1층 (사당동)",서울특별시 동작구 사당동 227-16 ,6.6,편의점,보건행정과
휴게음식점,2020-08-03,세븐일레븐 동작국사봉점,"서울특별시 동작구 국사봉길 134, 1층 (상도동)",서울특별시 동작구 상도동 301-159 ,7,편의점,보건행정과
휴게음식점,2020-08-10,스타푸드,"서울특별시 동작구 현충로 98, 2층 (흑석동)",서울특별시 동작구 흑석동 8-33 ,4.63,일반조리판매,보건행정과
휴게음식점,2020-08-13,이마트24 self사당롯데캐슬점,"서울특별시 동작구 사당로27길 190, 103호 (사당동, 롯데캐슬)",서울특별시 동작구 사당동 1132 롯데캐슬 ,6.6,편의점,보건행정과
휴게음식점,2020-08-21,씨유 신대방파크점,"서울특별시 동작구 여의대방로10길 59, 상가동 102호 (신대방동, 보라매파크빌아파트)",서울특별시 동작구 신대방동 711 보라매파크빌아파트 ,6.6,편의점,보건행정과
휴게음식점,2020-08-28,지에스(GS)25 대방중앙점,"서울특별시 동작구 여의대방로36길 4, 중앙빌딩 1층 (대방동)",서울특별시 동작구 대방동 389-3 중앙빌딩 ,9,편의점,보건행정과
휴게음식점,2020-09-14,지에스25 사당자이점,"서울특별시 동작구 사당로2가길 103, 1층 (사당동)",서울특별시 동작구 사당동 190-197 ,9.9,편의점,보건행정과
휴게음식점,2020-09-23,지에스25동작센타점,"서울특별시 동작구 양녕로28길 28, 1층 (상도동)",서울특별시 동작구 상도동 212-36 ,3.3,편의점,보건행정과
휴게음식점,2020-09-23,이마트24R보라매서울대병원점,"서울특별시 동작구 보라매로5길 20, 서울특별시보라매병원 1층 (신대방동)",서울특별시 동작구 신대방동 425 서울특별시보라매병원 ,3.3,편의점,보건행정과
휴게음식점,2020-09-24,씨유 노량진드림타워점,"서울특별시 동작구 장승배기로 168, 드림타워 (노량진동)",서울특별시 동작구 노량진동 54-11 드림타워 ,3.3,편의점,보건행정과
휴게음식점,2020-10-15,간식나라,"서울특별시 동작구 만양로 19, 1층 135호 (노량진동, 신동아리버파크아파트)",서울특별시 동작구 노량진동 325 신동아리버파크아파트 ,16,일반조리판매,보건행정과
휴게음식점,2020-10-16,지에스25대방타운점,"서울특별시 동작구 여의대방로24라길 32, 1층 (대방동)",서울특별시 동작구 대방동 402-7 ,9.9,편의점,보건행정과
휴게음식점,2020-10-20,씨유 사당로점,"서울특별시 동작구 동작대로9가길 30, 1층 (사당동)",서울특별시 동작구 사당동 1027-4 ,3.3,편의점,보건행정과
휴게음식점,2020-10-23,세븐일레븐상도한마을점,"서울특별시 동작구 상도로47길 30, 1층 (상도1동)",서울특별시 동작구 상도1동 312 ,3.3,편의점,보건행정과
휴게음식점,2020-10-26,씨유 사당대림점,"서울특별시 동작구 사당로17길 75, 1층 (사당동)",서울특별시 동작구 사당동 708-817 ,3.3,편의점,보건행정과
휴게음식점,2020-10-26,지에스(GS)25 동작유한점,"서울특별시 동작구 등용로14길 44, 1층 (대방동)",서울특별시 동작구 대방동 43-2 ,3.3,편의점,보건행정과
휴게음식점,2020-11-05,치킨 키친(CHICKEN KITCHEN),"서울특별시 동작구 양녕로 186, 1층 101호 (상도동)",서울특별시 동작구 상도동 210-299 ,19.8,일반조리판매,보건행정과
휴게음식점,2020-11-13,동작역 호두붐,"서울특별시 동작구 현충로 257, 4호선 동작역 Dongjak s.t 431-004호 (동작동)",서울특별시 동작구 동작동 327-1 4호선 동작역 Dongjak s.t ,10.75,일반조리판매,보건행정과
휴게음식점,2020-11-18,쓰리팝(3POP PC CAFE),"서울특별시 동작구 동작대로3길 6, 해암빌딩 4층 (사당동)",서울특별시 동작구 사당동 1031-26 해암빌딩 ,16.5,일반조리판매,보건행정과
휴게음식점,2020-11-20,씨유 상도엠코점,"서울특별시 동작구 상도로 346-1, 제상가1동 1층 111호 (상도동, 힐스테이트 상도 센트럴파크)",서울특별시 동작구 상도동 531 힐스테이트 상도 센트럴파크 ,9.9,편의점,보건행정과
휴게음식점,2020-11-23,씨유(CU)신대방센터점,"서울특별시 동작구 여의대방로 68, 1층 (신대방동)",서울특별시 동작구 신대방동 492-206 ,3.3,편의점,보건행정과
휴게음식점,2020-11-26,세븐일레븐 대방중앙점,"서울특별시 동작구 대방동길 38, 1층 (대방동)",서울특별시 동작구 대방동 392-21 ,3.3,편의점,보건행정과
휴게음식점,2020-12-15,샌드위치킹,"서울특별시 동작구 여의대방로46길 32, 1층 (대방동)",서울특별시 동작구 대방동 344-27 ,23.1,일반조리판매,보건행정과
휴게음식점,2020-12-16,프레시랩,"서울특별시 동작구 국사봉2길 19, 102호 (신대방동)",서울특별시 동작구 신대방동 339-15 ,42,일반조리판매,보건행정과
휴게음식점,2021-01-12,씨유 신대방해피점,"서울특별시 동작구 신대방1나길 26, 1층 (신대방동)",서울특별시 동작구 신대방동 695-1 ,5,편의점,보건행정과
휴게음식점,2021-01-13,씨유 노량진스타합격점,"서울특별시 동작구 장승배기로 135, 1층 (노량진동)",서울특별시 동작구 노량진동 231-115 ,10,편의점,보건행정과
휴게음식점,2021-01-14,홍루이젠 대방점,"서울특별시 동작구 대방동23길 44, 1층 (대방동)",서울특별시 동작구 대방동 386-27 ,10,일반조리판매,보건행정과
휴게음식점,2021-01-19,경성여우,"서울특별시 동작구 보라매로5가길 16, 6층 603호 (신대방동, 보라매아카데미타워)",서울특별시 동작구 신대방동 395-69 보라매아카데미타워 ,27,일반조리판매,보건행정과
휴게음식점,2021-01-19,씨유 흑석현대점,"서울특별시 동작구 현충로 111, 명수대상가 1층 1호 (흑석동)",서울특별시 동작구 흑석동 10 명수대상가 ,3.3,편의점,보건행정과
휴게음식점,2021-01-25,지에스25숭실상현(GS25숭실상현),"서울특별시 동작구 상도로56길 5, 1층 (상도동)",서울특별시 동작구 상도동 491 ,6,편의점,보건행정과
휴게음식점,2021-02-02,가락e몰,"서울특별시 동작구 노량진로 10, 여성가족복합시설 스페이스살림 B2층 먹거리매장2호 (대방동)",서울특별시 동작구 대방동 340-3 여성가족복합시설 스페이스살림 ,16,일반조리판매,보건행정과
휴게음식점,2021-02-03,세븐일레븐 숭실대중앙점,"서울특별시 동작구 사당로 18, 1층 (상도동)",서울특별시 동작구 상도동 502-4 ,3.3,편의점,보건행정과
휴게음식점,2021-02-03,세븐일레븐 노량진사랑점,"서울특별시 동작구 만양로 53-1, 1층 (노량진동)",서울특별시 동작구 노량진동 219-20 ,3.3,편의점,보건행정과
휴게음식점,2021-02-10,씨유 동작상도원룸점,"서울특별시 동작구 상도로47길 107, 지하1층 (상도1동)",서울특별시 동작구 상도1동 481-1 ,5,편의점,보건행정과
휴게음식점,2021-02-18,지에스25(GS25)뉴사당타운점,"서울특별시 동작구 남부순환로269길 97, 1층 201호 (사당동)",서울특별시 동작구 사당동 439-4 ,3.3,편의점,보건행정과
휴게음식점,2021-03-03,초이스풀,"서울특별시 동작구 사당로 157-2, 1층 (사당동)",서울특별시 동작구 사당동 208-10 ,10.24,일반조리판매,보건행정과
휴게음식점,2021-03-04,세븐일레븐(사당로점),"서울특별시 동작구 사당로28길 56, 1층 (사당동)",서울특별시 동작구 사당동 1027-37 ,3.3,편의점,보건행정과
휴게음식점,2021-03-04,세븐일레븐 동작남성점,"서울특별시 동작구 사당로23길 2, 1층 (사당동)",서울특별시 동작구 사당동 155-2 ,6.6,편의점,보건행정과
휴게음식점,2021-03-08,와플대학이수역캠퍼스,"서울특별시 동작구 동작대로27길 22, 1층 (사당동)",서울특별시 동작구 사당동 139-36 ,9.3,일반조리판매,보건행정과
휴게음식점,2021-03-11,씨유 노량진드림스퀘어점,"서울특별시 동작구 노들로2길 7, 노량진 드림스퀘어 복합빌딩 1층 B102,B103호 (노량진동)",서울특별시 동작구 노량진동 16-1 노량진 드림스퀘어 복합빌딩 ,6.6,편의점,보건행정과
휴게음식점,2021-03-16,GS25사당메트로점,"서울특별시 동작구 동작대로 지하 3, 사당역(4호선) 사당역 433-112호(113호합산)호 (사당동)",서울특별시 동작구 사당동 588-44 사당역(4호선) ,9.9,편의점,보건행정과
휴게음식점,2021-03-16,CU상도더샵점,"서울특별시 동작구 장승배기로 41, 1층 101호,102(일부)호 (상도동)",서울특별시 동작구 상도동 204-45 ,6.6,편의점,보건행정과
휴게음식점,2021-03-18,주식회사 스윗드오,"서울특별시 동작구 노량진로 10, 여성가족복합시설 스페이스살림 먹거리매장B2층 5호 (대방동)",서울특별시 동작구 대방동 340-3 여성가족복합시설 스페이스살림 ,10,일반조리판매,보건행정과
휴게음식점,2021-03-19,마음을 담다,"서울특별시 동작구 노량진로 10, 여성가족복합시설 스페이스살림 B2층 먹거리매장 4호 (대방동)",서울특별시 동작구 대방동 340-3 여성가족복합시설 스페이스살림 ,12.7,일반조리판매,보건행정과
휴게음식점,2021-03-23,지에스25(GS25) 흑석역점,"서울특별시 동작구 현충로 지하 90, 9호선 흑석역 (흑석동)",서울특별시 동작구 흑석동 4 9호선 흑석역 ,3.3,편의점,보건행정과
휴게음식점,2021-03-24,세븐일레븐 대방점,"서울특별시 동작구 등용로 119, 1층 (대방동)",서울특별시 동작구 대방동 37-2 ,3.3,편의점,보건행정과
휴게음식점,2021-03-25,솥뚜껑 떡볶이,"서울특별시 동작구 만양로14가길 30-3, 1층 (노량진동)",서울특별시 동작구 노량진동 117-31 ,9,일반조리판매,보건행정과
휴게음식점,2021-03-31,타코야끼카페,"서울특별시 동작구 동작대로25길 40, 1층 (사당동)",서울특별시 동작구 사당동 708-459 ,21,일반조리판매,보건행정과
휴게음식점,2021-04-05,우리쌀빵&웰빙쌀빵,"서울특별시 동작구 사당로 지하 310, 이수역(7호선) 지하1층 736-310호 (사당동)",서울특별시 동작구 사당동 144-4 이수역(7호선) ,27.22,일반조리판매,보건행정과
휴게음식점,2021-04-09,세븐일레븐 이수남성점,"서울특별시 동작구 동작대로29가길 33, 제1층 제101호 (사당동, 도성빌딩)",서울특별시 동작구 사당동 89-12 ,6,편의점,보건행정과
휴게음식점,2021-04-12,세븐일레븐 상도주공점,"서울특별시 동작구 상도로53길 70, 임대상가 204, 205호 (상도동, 상도에스에이치빌)",서울특별시 동작구 상도동 430 상도에스에이치빌 ,3.3,편의점,보건행정과
휴게음식점,2021-04-16,세븐일레븐 동작도화공원점,"서울특별시 동작구 성대로17길 40, 지하1층 101호 (상도동)",서울특별시 동작구 상도동 244-47 ,3.3,편의점,보건행정과
휴게음식점,2021-04-19,7번가피자 상도점,"서울특별시 동작구 장승배기로 40, 1층 (상도동)",서울특별시 동작구 상도동 204-28 ,55,일반조리판매,보건행정과
휴게음식점,2021-04-22,씨유(신대방점),"서울특별시 동작구 국사봉길 2, 1층 (신대방동)",서울특별시 동작구 신대방동 347-8 ,3.3,편의점,보건행정과
휴게음식점,2021-04-28,GS25 S9 노량진역점,"서울특별시 동작구 노량진로 지하 130, 9호선 노량진역 (노량진동)",서울특별시 동작구 노량진동 60-11 9호선 노량진역 ,3.3,편의점,보건행정과
휴게음식점,2021-05-07,지에스(GS)25 S9 노들역점,"서울특별시 동작구 노량진로 지하 238, 9호선 노들역 지하층 (본동)",서울특별시 동작구 본동 475-1 9호선 노들역 ,9,편의점,보건행정과
휴게음식점,2021-05-25,CU 아델라 이수역점,"서울특별시 동작구 동작대로23길 13, 1층 (사당동)",서울특별시 동작구 사당동 1007-1 ,3.3,편의점,보건행정과
휴게음식점,2021-05-31,세븐일레븐 상도등용점,"서울특별시 동작구 상도로15길 73, 1층 (상도동)",서울특별시 동작구 상도동 361-154 ,3.3,편의점,보건행정과
휴게음식점,2021-06-02,씨유 흑석센트레빌점,"서울특별시 동작구 서달로 91, 제상가동 지하2층 204, 207호 (흑석동, 흑석한강센트레빌2차)",서울특별시 동작구 흑석동 339 흑석한강센트레빌2차 ,6.6,편의점,보건행정과
휴게음식점,2021-06-08,카페희희,"서울특별시 동작구 성대로 52, 제지1층 제비06호 (상도동)",서울특별시 동작구 상도동 256-1 ,23.76,일반조리판매,보건행정과
휴게음식점,2021-06-08,씨유 사당센터점,"서울특별시 동작구 동작대로7길 80, 1층 (사당동)",서울특별시 동작구 사당동 1038-25 ,6.6,편의점,보건행정과
휴게음식점,2021-06-21,달굼당,"서울특별시 동작구 국사봉2다길 17, 정경재 1층 (신대방동)",서울특별시 동작구 신대방동 348-8 정경재 ,42,일반조리판매,보건행정과
휴게음식점,2021-06-22,세븐일레븐 상도롯데캐슬점,"서울특별시 동작구 양녕로 220, 1층 단지내상가 B-15호 (상도동, 상도역 롯데캐슬 파크엘)",서울특별시 동작구 상도동 904 상도역 롯데캐슬 파크엘 ,3.3,편의점,보건행정과
휴게음식점,2021-06-29,황제 찹쌀꽈배기,"서울특별시 동작구 여의대방로 182, 1층 (대방동)",서울특별시 동작구 대방동 389-24 ,24.75,일반조리판매,보건행정과
휴게음식점,2021-06-29,씨유 동작중앙점,"서울특별시 동작구 사당로20길 13, 1층 (사당동)",서울특별시 동작구 사당동 321-47 ,6.6,편의점,보건행정과
휴게음식점,2021-07-08,씨유 신대방타운점,"서울특별시 동작구 여의대방로22카길 34, 1층 (신대방동)",서울특별시 동작구 신대방동 360-115 ,6.6,편의점,보건행정과
휴게음식점,2021-07-13,샐러디 노량진역점,"서울특별시 동작구 노량진로16길 25, 1층 (노량진동)",서울특별시 동작구 노량진동 90-1 ,45,일반조리판매,보건행정과
휴게음식점,2021-07-26,세븐일레븐 동작성대점,"서울특별시 동작구 성대로6길 6, 1층 (상도동)",서울특별시 동작구 상도동 312-5 ,3.3,편의점,보건행정과
휴게음식점,2021-08-06,위켄드쿠키,"서울특별시 동작구 동작대로9가길 18-1, 1층 (사당동)",서울특별시 동작구 사당동 1028-25 ,12.5,일반조리판매,보건행정과
휴게음식점,2021-08-12,씨유노량진고시촌점,서울특별시 동작구 만양로14길 45 (노량진동),서울특별시 동작구 노량진동 128-1 ,3.3,편의점,보건행정과
휴게음식점,2021-08-23,씨유 사당 남성점,"서울특별시 동작구 사당로16가길 34, 1층 (사당동)",서울특별시 동작구 사당동 268-4 ,3.3,편의점,보건행정과
휴게음식점,2021-08-26,GS25상도타운점,"서울특별시 동작구 매봉로 59, 1층 (상도1동)",서울특별시 동작구 상도1동 509-1 ,3.3,편의점,보건행정과
휴게음식점,2021-08-30,진진김밥,"서울특별시 동작구 상도로37길 56, 1층 (상도동)",서울특별시 동작구 상도동 463-8 ,17,일반조리판매,보건행정과
휴게음식점,2021-09-02,GS25신대방문창점,"서울특별시 동작구 여의대방로22나길 43, 1층 (신대방동)",서울특별시 동작구 신대방동 364-146 ,3.3,편의점,보건행정과
휴게음식점,2021-10-01,경성꽈배기 노량진점,"서울특별시 동작구 노량진로8길 39, 1층 (노량진동)",서울특별시 동작구 노량진동 36-3 ,21.78,일반조리판매,보건행정과
휴게음식점,2021-10-06,홍가네떡볶이,"서울특별시 동작구 대방동길 9, 1층 (대방동)",서울특별시 동작구 대방동 391-585 ,26.44,일반조리판매,보건행정과
휴게음식점,2021-11-01,지에스25사당위브점(GS25사당위브점),"서울특별시 동작구 사당로13길 36, 1층 (사당동)",서울특별시 동작구 사당동 262-8 ,3.3,편의점,보건행정과
휴게음식점,2021-11-10,씨유 동작늘솔길점,"서울특별시 동작구 동작대로35다길 22, 1층 (사당동)",서울특별시 동작구 사당동 67-6 ,6.6,편의점,보건행정과
휴게음식점,2022-01-05,이마트24 동작상도점,"서울특별시 동작구 상도로37길 30, 1층 (상도1동)",서울특별시 동작구 상도1동 395-1 ,3.3,편의점,보건행정과
휴게음식점,2022-01-11,GS25이수중앙점,"서울특별시 동작구 동작대로25길 33, 1층 (사당동)",서울특별시 동작구 사당동 144-1 ,3.3,편의점,보건행정과
휴게음식점,2022-01-13,하르당,"서울특별시 동작구 상도로 92, 1층 (상도동)",서울특별시 동작구 상도동 325-8 ,42.97,일반조리판매,보건행정과
휴게음식점,2022-01-27,이삭토스트 보라매공원점,"서울특별시 동작구 여의대방로 88, 1층 (신대방동)",서울특별시 동작구 신대방동 498-5 ,46.2,일반조리판매,보건행정과
휴게음식점,2022-02-11,엘리스파이,"서울특별시 동작구 흑석로 95, 1층 제3호 (흑석동)",서울특별시 동작구 흑석동 190-6 ,26.45,일반조리판매,보건행정과
휴게음식점,2022-02-11,남성골왕만두,"서울특별시 동작구 사당로14길 10, 1층 102호 (사당동)",서울특별시 동작구 사당동 267-61 ,21,일반조리판매,보건행정과
휴게음식점,2022-02-17,비틀쥬스,"서울특별시 동작구 흑석로 102, 중앙대학교병원 지하1층 B115호 (흑석동)",서울특별시 동작구 흑석동 224-1 중앙대학교병원 ,8.04,일반조리판매,보건행정과
휴게음식점,2022-02-17,씨유 상도포도점,"서울특별시 동작구 양녕로25길 30, 1층 (상도동, 상도젠트리하임)",서울특별시 동작구 상도동 210-172 상도젠트리하임 ,3.3,편의점,보건행정과
휴게음식점,2022-02-22,세븐일레븐 남성사당로점,"서울특별시 동작구 사당로 193, 1층 (사당동)",서울특별시 동작구 사당동 220-85 ,3.3,편의점,보건행정과
휴게음식점,2022-03-29,지에스25신대방장안점,"서울특별시 동작구 대림로 56, 1층 (신대방동)",서울특별시 동작구 신대방동 685-12 ,3.3,편의점,보건행정과
휴게음식점,2022-03-29,세븐일레븐 대방등용점,"서울특별시 동작구 등용로 87, 1층 (대방동)",서울특별시 동작구 대방동 17-38 ,3.3,편의점,보건행정과
휴게음식점,2022-03-31,GS25신대방후레쉬점,"서울특별시 동작구 시흥대로 658, 1층 106호 (신대방동)",서울특별시 동작구 신대방동 607-5 ,3.3,편의점,보건행정과
휴게음식점,2022-04-01,씨유동작어바니엘점,"서울특별시 동작구 노량진로 190, 1층 (노량진동, 고려교육타워-어바니엘한강)",서울특별시 동작구 노량진동 333 ,3.3,편의점,보건행정과
휴게음식점,2022-04-06,홍자씨샌드위치 이수점,"서울특별시 동작구 동작대로29길 119, 113동 2층 202호 (사당동, 극동아파트)",서울특별시 동작구 사당동 105 극동아파트 ,18.8,일반조리판매,보건행정과
휴게음식점,2022-04-21,피자공감,"서울특별시 동작구 동작대로29가길 31, 1층 (사당동)",서울특별시 동작구 사당동 89-18 ,26.44,일반조리판매,보건행정과
휴게음식점,2022-05-06,이마트24 보라매자이점,"서울특별시 동작구 여의대방로22길 121, 1층 1124호 (신대방동, 보라매자이 더 포레스트)",서울특별시 동작구 신대방동 724 보라매자이 더 포레스트 ,3.3,편의점,보건행정과
휴게음식점,2022-05-12,세븐일레븐 상도아람점,"서울특별시 동작구 국사봉8길 77, 1층 (상도동)",서울특별시 동작구 상도동 301-40 ,3.3,편의점,보건행정과
휴게음식점,2022-06-03,씨유 상도하나점,"서울특별시 동작구 매봉로 42, 1층 (상도1동)",서울특별시 동작구 상도1동 537 ,3.3,편의점,보건행정과
일반음식점,1982-03-03,한일정,,서울특별시 동작구 노량진동 44-21 중앙    5호,149.49,한식,보건행정과
일반음식점,1982-04-20,미주,,서울특별시 동작구 사당동 548-6 ,31.3,한식,보건행정과
일반음식점,1983-04-13,전주한방오리,"서울특별시 동작구 사당로 252 (사당동,321-114)",서울특별시 동작구 사당동 318-77 321-114 ,83,한식,보건행정과
일반음식점,1985-05-29,수산회관,"서울특별시 동작구 노들로 674, 지상2층 21호 (노량진동)",서울특별시 동작구 노량진동 13-6 ,370.22,일식,보건행정과
일반음식점,1985-05-21,금학횟집,"서울특별시 동작구 노들로 674, 2층 9호 (노량진동)",서울특별시 동작구 노량진동 13-6 2층 9호,139.74,횟집,보건행정과
일반음식점,1989-06-19,한강호프,,서울특별시 동작구 흑석동 33-91 ,24.3,정종/대포집/소주방,보건행정과
일반음식점,2008-02-11,이고시다,,서울특별시 동작구 신대방동 358-10 ,90.23,한식,보건행정과
일반음식점,1993-07-20,흥부네,"서울특별시 동작구 등용로 124 (대방동,외 3필지)",서울특별시 동작구 대방동 23 외 3필지 ,67.37,한식,보건행정과
일반음식점,1994-04-14,송현,,서울특별시 동작구 노량진동 62-19 ,70-16,-27,72-3,-16,-34 ,25.2,한식,보건행정과
일반음식점,1994-08-05,홍두깨,,서울특별시 동작구 신대방동 565-26 ,16.38,분식,보건행정과
일반음식점,1994-01-27,황금어장,"서울특별시 동작구 노들로 674, 지상2층 6호 (노량진동)",서울특별시 동작구 노량진동 13-6 ,139.74,횟집,보건행정과
일반음식점,1994-02-03,진남회집,"서울특별시 동작구 노들로 674, 지상2층 13호 (노량진동)",서울특별시 동작구 노량진동 13-6 ,139.8,일식,보건행정과
일반음식점,1994-03-16,미자식당,"서울특별시 동작구 노들로 674, 지상2층 8호 (노량진동)",서울특별시 동작구 노량진동 13-6 ,209.62,한식,보건행정과
일반음식점,1994-02-17,컵히커피,서울특별시 동작구 흑석로13나길 4 (흑석동),서울특별시 동작구 흑석동 164-5 ,15.84,경양식,보건행정과
일반음식점,1997-03-31,맷돌이야기,,서울특별시 동작구 사당동 147-73 ,69.45,한식,보건행정과
일반음식점,1998-10-28,환타지,서울특별시 동작구 여의대방로24길 120 (신대방동),서울특별시 동작구 신대방동 355-20 ,18.2,경양식,보건행정과
일반음식점,1998-05-12,희래등,"서울특별시 동작구 등용로 123 (대방동,외 3필지)",서울특별시 동작구 대방동 39-2 외 3필지 ,709.29,중국식,보건행정과
일반음식점,1999-01-07,호남숯불갈비,"서울특별시 동작구 서달로13길 11-13 (흑석동,,34)",서울특별시 동작구 흑석동 102-33 ,34 ,42.33,분식,보건행정과
일반음식점,1999-04-01,장터식당,"서울특별시 동작구 노들로 674, 지상2층 19호 (노량진동)",서울특별시 동작구 노량진동 13-6 ,139.74,한식,보건행정과
일반음식점,2000-06-09,남도밥상,,서울특별시 동작구 사당동 1030-5 ,90.25,한식,보건행정과
일반음식점,2000-08-31,청해진,"서울특별시 동작구 노들로 674, 지상2층 20호 (노량진동)",서울특별시 동작구 노량진동 13-6 ,181.82,일식,보건행정과
일반음식점,2000-11-10,숯가마,,서울특별시 동작구 상도동 104-2 ,52.29,정종/대포집/소주방,보건행정과
일반음식점,2002-05-18,금별맥주,"서울특별시 동작구 동작대로27나길 21 (사당동,두원상가 103,104,105호)",서울특별시 동작구 사당동 138 두원상가 103,104,105호 ,97.02,한식,보건행정과
일반음식점,2003-01-13,다미,"서울특별시 동작구 동작대로1길 9-1 (사당동,외1필지)",서울특별시 동작구 사당동 1043-9 외1필지 ,64.4,정종/대포집/소주방,보건행정과
일반음식점,2003-10-15,구이천국,"서울특별시 동작구 노들로 674, 노량진수산물도매시장 구 수산시장동 (노량진동)",서울특별시 동작구 노량진동 13-6 노량진 구 수산시장 ,20.1,한식,보건행정과
일반음식점,2003-11-07,쇼신,"서울특별시 동작구 만양로16길 9 (노량진동,외 1필지  102호)",서울특별시 동작구 노량진동 119-153 외 1필지  102호 ,38.52,호프/통닭,보건행정과
일반음식점,2003-11-12,중앙식당,"서울특별시 동작구 노들로 674, 지상2층 회식당12호 (노량진동)",서울특별시 동작구 노량진동 13-6 ,119.35,한식,보건행정과
일반음식점,2004-01-15,투다리,서울특별시 동작구 상도로 152 (상도동),서울특별시 동작구 상도동 188-4 31 ,29.58,호프/통닭,보건행정과
일반음식점,2004-04-23,신촌찌개집(신대방삼거리점),"서울특별시 동작구 보라매로 94 (신대방동,외2필지)",서울특별시 동작구 신대방동 345-7 외2필지 ,53.48,한식,보건행정과
일반음식점,2005-02-28,봉추중대,"서울특별시 동작구 흑석로 88 (흑석동,외1필지 202호)",서울특별시 동작구 흑석동 223-18 외1필지 202호 ,87.1,호프/통닭,보건행정과
일반음식점,2005-11-01,쌍둥이일품양평해장국,"서울특별시 동작구 노들로 674, 2층 3호 (노량진동)",서울특별시 동작구 노량진동 13-6 ,139.74,한식,보건행정과
일반음식점,2006-02-14,진부령황태촌,"서울특별시 동작구 동작대로27길 6 (사당동,외1필지)",서울특별시 동작구 사당동 133-17 외1필지 ,124.2,한식,보건행정과
일반음식점,2006-03-13,이레식당,"서울특별시 동작구 성대로31길 71 (상도동,외 1필지)",서울특별시 동작구 상도동 197-10 외 1필지 ,44.19,분식,보건행정과
일반음식점,2006-09-22,역전할머니맥주(이수점),"서울특별시 동작구 동작대로27다길 26 (사당동,외4필지 이수프라자1층104호)",서울특별시 동작구 사당동 138-3 외4필지 이수프라자1층104호 ,130.5,호프/통닭,보건행정과
일반음식점,2006-09-28,어사출또이수역점,"서울특별시 동작구 동작대로27나길 21 (사당동,두원상가 106,107,108,109호)",서울특별시 동작구 사당동 138 두원상가 106,107,108,109호 ,142.75,통닭(치킨),보건행정과
일반음식점,2006-11-07,채홍,서울특별시 동작구 강남초등길 24 (상도1동),서울특별시 동작구 상도동 578 ,247.07,중국식,보건행정과
일반음식점,2008-04-24,차오야끼,"서울특별시 동작구 국사봉1길 18 (상도동,외 12필지 1002-1, 1003호)",서울특별시 동작구 상도동 323-4 외 12필지 1002-1, 1003호 ,28.47,호프/통닭,보건행정과
일반음식점,2009-03-24,할미가,"서울특별시 동작구 사당로 220 (사당동,외1필지 (지하1층))",서울특별시 동작구 사당동 265-10 외1필지 (지하1층) ,84.76,한식,보건행정과
일반음식점,2009-08-27,어사출또사당역점,서울특별시 동작구 남부순환로269길 21 (사당동),서울특별시 동작구 사당동 1046-33 ,93.55,통닭(치킨),보건행정과
일반음식점,2009-11-04,영광족발,"서울특별시 동작구 서달로12길 13 (흑석동,외 7필지  4호)",서울특별시 동작구 흑석동 97-6 외 7필지  4호 ,21.2,한식,보건행정과
일반음식점,2010-06-01,행복한손칼국수,,서울특별시 동작구 본동 165-5 211-3, 211-4 ,29.32,한식,보건행정과
일반음식점,2010-12-28,롯데리아중앙대점,"서울특별시 동작구 흑석로 110-1 (흑석동,외 1필지 1층)",서울특별시 동작구 흑석동 182-7 외 1필지 1층 ,147.44,패스트푸드,보건행정과
일반음식점,2010-01-11,투데이,"서울특별시 동작구 여의대방로24길 137 (대방동,외 1필지( 지하1층))",서울특별시 동작구 대방동 407-38 외 1필지( 지하1층) ,77.26,호프/통닭,보건행정과
일반음식점,2011-01-13,와라와라,"서울특별시 동작구 만양로 96 (노량진동,외 1필지(2층))",서울특별시 동작구 노량진동 119-152 외 1필지(2층) ,316.4,호프/통닭,보건행정과
일반음식점,2011-05-19,주식회사 또순이회양념,"서울특별시 동작구 노들로 674, 지상2층 11호 (노량진동)",서울특별시 동작구 노량진동 13-6 ,139.74,한식,보건행정과
일반음식점,2011-06-02,육쌈냉면,"서울특별시 동작구 동작대로27다길 2 (사당동,외 1필지 1층)",서울특별시 동작구 사당동 139-19 외 1필지 1층 ,46,한식,보건행정과
일반음식점,2011-06-23,올어라운드유(ALL AROUND YOU),"서울특별시 동작구 사당로 188 (사당동,외 3필지(지상1층))",서울특별시 동작구 사당동 223-1 외 3필지(지상1층) ,75.77,기타,보건행정과
일반음식점,2011-08-05,지호분식,,서울특별시 동작구 상도동 175 외 2필지 (1층) ,13.2,분식,보건행정과
일반음식점,2011-11-18,아마스빈중앙대점,서울특별시 동작구 흑석로 88 (흑석동),서울특별시 동작구 흑석동 223-18 외 1필지 102호 ,33,까페,보건행정과
일반음식점,2012-05-16,설빙 노량진점,"서울특별시 동작구 노량진로 144 (노량진동, 외 2필지, 2층)",서울특별시 동작구 노량진동 59-29 외 2필지, 2층 ,202,까페,보건행정과
일반음식점,2012-09-18,카페구스토,"서울특별시 동작구 흑석한강로 27 (흑석동, 푸르지오상가 109동 B306호)",서울특별시 동작구 흑석동 67-1 푸르지오상가 109동 B306호 ,48.98,기타,보건행정과
일반음식점,2012-09-24,호치킨하우스,"서울특별시 동작구 사당로13길 31 (사당동, 두산위브상가 B1층 13-2, 13-3호)",서울특별시 동작구 사당동 1131 두산위브상가 B1층 13-2, 13-3호 ,51.92,통닭(치킨),보건행정과
일반음식점,2014-04-24,MOON 나이트 1000냥 호프,"서울특별시 동작구 흑석로15나길 3, 1층 (흑석동)",서울특별시 동작구 흑석동 159-10 ,90,호프/통닭,보건행정과
일반음식점,2016-03-09,용궁회집,"서울특별시 동작구 노들로 674, 지상2층 17호 (노량진동)",서울특별시 동작구 노량진동 13-6 ,69.88,횟집,보건행정과
일반음식점,2016-03-30,강변식당,"서울특별시 동작구 노들로 674, 지상2층 5호 (노량진동)",서울특별시 동작구 노량진동 13-6 ,69.88,한식,보건행정과
일반음식점,2016-03-30,유달식당,"서울특별시 동작구 노들로 674, 지상2층 4호 (노량진동)",서울특별시 동작구 노량진동 13-6 ,69.88,한식,보건행정과
일반음식점,2016-03-31,부산일번지,"서울특별시 동작구 노들로 674, 지상2층 14호 (노량진동)",서울특별시 동작구 노량진동 13-6 ,258.08,한식,보건행정과
일반음식점,2016-04-11,서울식당,"서울특별시 동작구 노들로 674, 지상2층 7호 (노량진동)",서울특별시 동작구 노량진동 13-6 ,209.62,횟집,보건행정과
일반음식점,2016-04-11,황제식당,"서울특별시 동작구 노들로 674, 지상2층 10호 (노량진동)",서울특별시 동작구 노량진동 13-6 ,135,한식,보건행정과
일반음식점,2016-04-11,노량진 전라도회양념,"서울특별시 동작구 노들로 674, 지상2층 16호 (노량진동)",서울특별시 동작구 노량진동 13-6 ,135,한식,보건행정과
일반음식점,2016-04-12,바다회센터,"서울특별시 동작구 노들로 674, 지상2층 15호 (노량진동)",서울특별시 동작구 노량진동 13-6 ,139.74,한식,보건행정과
일반음식점,2016-04-12,거부식당 the chef,"서울특별시 동작구 노들로 674, 지상2층 18호 (노량진동)",서울특별시 동작구 노량진동 13-6 ,69.88,한식,보건행정과
일반음식점,2016-04-12,우주매점,"서울특별시 동작구 노들로 674, 지상1층 매점7호 (노량진동)",서울특별시 동작구 노량진동 13-6 ,11.4,한식,보건행정과
일반음식점,2016-04-12,해운대,"서울특별시 동작구 노들로 674, 지상2층 2호 (노량진동)",서울특별시 동작구 노량진동 13-6 ,139.74,한식,보건행정과
일반음식점,2017-03-15,삼정집,"서울특별시 동작구 노들로 674, 2층 5호 (노량진동, 노량진수산물도매시장 )",서울특별시 동작구 노량진동 13-6 ,79.34,횟집,보건행정과
일반음식점,2017-03-15,충남식당,"서울특별시 동작구 노들로 674, 2층 4호 (노량진동, 노량진수산물도매시장)",서울특별시 동작구 노량진동 13-6 ,79.34,기타,보건행정과
일반음식점,2017-06-19,주식회사 진주식당,"서울특별시 동작구 노들로 674, 5층 2호 (노량진동, 노량진수산시장)",서울특별시 동작구 노량진동 13-6 ,426.45,횟집,보건행정과
일반음식점,2017-07-04,하늘채,"서울특별시 동작구 노들로 674, 5층 1호 (노량진동, 노량진수산시장)",서울특별시 동작구 노량진동 13-6 ,747.92,기타,보건행정과
일반음식점,2017-08-31,우오가시 노량진점,"서울특별시 동작구 노들로 674, 2층 (노량진동, 노량진수산시장)",서울특별시 동작구 노량진동 13-6 ,396,일식,보건행정과
일반음식점,2018-07-13,카페마인드어스(cafe mindus),"서울특별시 동작구 사당로23길 112, 지하1층 B107호 (사당동, 래미안 로이파크)",서울특별시 동작구 사당동 167-19 래미안 로이파크 B107호,69.61,기타,보건행정과
일반음식점,2018-09-13,도깨비방망이,"서울특별시 동작구 여의대방로36길 29, 대림아파트(분산상가동) 지하1층 (대방동)",서울특별시 동작구 대방동 501 대림아파트(분산상가동) ,6.6,키즈카페,보건행정과
일반음식점,2018-10-16,분식이 이래도 되는가 사당점,"서울특별시 동작구 사당로23길 112, B103호 (사당동, 래미안 로이파크)",서울특별시 동작구 사당동 167-19 래미안 로이파크 ,42.7,분식,보건행정과
일반음식점,2018-10-30,충남집,"서울특별시 동작구 노들로 674, 노량진수산물도매시장 2층 1,2,3호 (노량진동)",서울특별시 동작구 노량진동 13-6 노량진수산물도매시장 ,238.01,한식,보건행정과
일반음식점,2018-11-30,오듀몽듀(Oh dieu Mon dieu),"서울특별시 동작구 현충로 52, 아크로리버하임 상가1동 7호 (흑석동)",서울특별시 동작구 흑석동 158-1 ,30.85,기타,보건행정과
일반음식점,2019-01-02,느릅나무,"서울특별시 동작구 서달로 123, 롯데캐슬 에듀포레 상가동 104호 (흑석동)",서울특별시 동작구 흑석동 232-55 ,57.52,기타,보건행정과
일반음식점,2019-01-25,60계치킨 서울이수점,"서울특별시 동작구 사당로23길 112, 후면상가동 B108호 (사당동, 래미안 로이파크)",서울특별시 동작구 사당동 167-19 래미안 로이파크 ,69.61,호프/통닭,보건행정과
일반음식점,2019-07-01,브라운필원(Brownpill One),"서울특별시 동작구 현충로 52, 1층 7-1,18호 (흑석동)",서울특별시 동작구 흑석동 158-1 ,40.96,기타,보건행정과
일반음식점,2019-07-16,포동포동놀이터,"서울특별시 동작구 성대로 180, 2층 (상도동)",서울특별시 동작구 상도동 202-237 ,18,키즈카페,보건행정과
일반음식점,2019-09-04,오군분식,"서울특별시 동작구 노들로 674, 2층 매점11호 (노량진동)",서울특별시 동작구 노량진동 13-6 노량진수산물도매시장 ,6.86,분식,보건행정과
일반음식점,2020-02-27,허니홈비,"서울특별시 동작구 노들로 674, 노량진수산물도매시장 2층 건어물판매장24호 (노량진동)",서울특별시 동작구 노량진동 13-6 노량진수산물도매시장 ,44.8,기타,보건행정과
일반음식점,2020-06-17,서울의 달,"서울특별시 동작구 노들로 674, 노량진수산물도매시장 5층 (노량진동)",서울특별시 동작구 노량진동 13-6 노량진수산물도매시장 ,159.27,라이브카페,보건행정과
일반음식점,2021-01-06,지희매점,"서울특별시 동작구 노들로 674, 노량진수산물도매시장 지하1층 매점3호 (노량진동)",서울특별시 동작구 노량진동 13-6 노량진수산물도매시장 ,15.77,한식,보건행정과
일반음식점,2021-10-08,오케이(O.K),"서울특별시 동작구 사당로30길 150, 지하1층 (사당동)",서울특별시 동작구 사당동 1041-31 ,287.5,라이브카페,보건행정과
휴게음식점,1991-08-24,롯데씨브이에스711(주) 대방점,서울특별시 동작구 상도로 69 (대방동),서울특별시 동작구 대방동 393-65 ,21.85,편의점,보건행정과
휴게음식점,1993-07-30,신보라매회관,서울특별시 동작구 보라매로5길 28 (신대방동),서울특별시 동작구 신대방동 395 ,20.01,일반조리판매,보건행정과
휴게음식점,1993-11-12,방배김밥,"서울특별시 동작구 동작대로27길 59-16, 동성빌딩 1층 (사당동)",서울특별시 동작구 사당동 127-27 동성빌딩 ,33,백화점,보건행정과
휴게음식점,1994-08-30,도코하우스,,서울특별시 동작구 대방동 356-1 ,15.39,일반조리판매,보건행정과
휴게음식점,1994-02-01,이레김밥,서울특별시 동작구 상도로63길 15 (상도동),서울특별시 동작구 상도동 503 ,6.96,일반조리판매,보건행정과
휴게음식점,1994-02-14,옛날짜장우동,서울특별시 동작구 신대방길 116 (신대방동),서울특별시 동작구 신대방동 588-6 ,25.6,일반조리판매,보건행정과
휴게음식점,1995-09-29,기계우동,서울특별시 동작구 여의대방로24길 140 (신대방동),서울특별시 동작구 신대방동 347-31 ,36.08,일반조리판매,보건행정과
휴게음식점,1996-03-26,소망분식,서울특별시 동작구 대방동23길 32 (대방동),서울특별시 동작구 대방동 386-22 ,18,일반조리판매,보건행정과
휴게음식점,1999-06-08,서울대학교병원  보라매휴게실,,서울특별시 동작구 신대방동 395-80 ,67.42,기타 휴게음식점,보건행정과
휴게음식점,1999-11-18,바이더웨이,서울특별시 동작구 여의대방로22길 136 (신대방동),서울특별시 동작구 신대방동 349-3 ,4,편의점,보건행정과
휴게음식점,2000-10-16,이삭토스트 총신대점,서울특별시 동작구 사당로14길 6 (사당동),서울특별시 동작구 사당동 267-27 ,12.22,일반조리판매,보건행정과
휴게음식점,2001-02-14,세븐일레븐(보라매점),"서울특별시 동작구 보라매로5가길 16 (신대방동,아카데미타워 1층)",서울특별시 동작구 신대방동 395-69 아카데미타워 1층 ,2.43,편의점,보건행정과
휴게음식점,2001-03-30,해태분식,,서울특별시 동작구 사당동 105 ,13,일반조리판매,보건행정과
휴게음식점,2002-05-24,김밥클릭,,서울특별시 동작구 신대방동 341-29 ,13.2,기타 휴게음식점,보건행정과
휴게음식점,2003-01-09,세븐일레븐(상도점),,서울특별시 동작구 상도1동 51 ,6.81,편의점,보건행정과
휴게음식점,2003-03-04,마데컵닭,서울특별시 동작구 흑석로 85 (흑석동),서울특별시 동작구 흑석동 190-34 ,22.09,일반조리판매,보건행정과
휴게음식점,2003-03-05,롯데씨브이에스711 노량진점,서울특별시 동작구 노량진로 196 (노량진동),서울특별시 동작구 노량진동 143-2 ,9.05,편의점,보건행정과
휴게음식점,2004-02-21,이삭,"서울특별시 동작구 사당로 6-1 (상도동, 1층)",서울특별시 동작구 상도동 501-2 1층 ,24.18,일반조리판매,보건행정과
휴게음식점,2004-12-02,성대불가마,서울특별시 동작구 국사봉1길 38 (상도동),서울특별시 동작구 상도동 322-22 ,49.9,일반조리판매,보건행정과
휴게음식점,2005-11-17,세븐일레븐(노량진5호점),서울특별시 동작구 만양로12길 16 (노량진동),서울특별시 동작구 노량진동 222-35 ,6.6,일반조리판매,보건행정과
휴게음식점,2006-02-21,소문난떡볶이,,서울특별시 동작구 상도동 36-1 대림아파트상가(지상1층) ,35.84,기타 휴게음식점,보건행정과
휴게음식점,2006-10-12,피자스쿨장승배기,"서울특별시 동작구 상도로 152, 신아빌딩 1층 (상도동)",서울특별시 동작구 상도동 188-4 신아빌딩 ,33.4,일반조리판매,보건행정과
휴게음식점,2006-11-30,공일이이(0122),서울특별시 동작구 노량진로 162 (노량진동),서울특별시 동작구 노량진동 114-5 ,18.04,일반조리판매,보건행정과
휴게음식점,2007-06-01,지지고(GGGO),서울특별시 동작구 사당로 20 (상도동),서울특별시 동작구 상도동 505-6 ,13.65,일반조리판매,보건행정과
휴게음식점,2007-12-18,세븐일레븐 사당중앙점,서울특별시 동작구 동작대로3길 10 (사당동),서울특별시 동작구 사당동 1031-24 ,6.6,일반조리판매,보건행정과
휴게음식점,2008-05-20,세븐일레븐 장승배기역점,서울특별시 동작구 장승배기로 71 (상도동),서울특별시 동작구 상도동 180-2 ,6,편의점,보건행정과
휴게음식점,2008-09-30,피자스쿨,서울특별시 동작구 상도로 357 (상도동),서울특별시 동작구 상도동 488 ,53.92,일반조리판매,보건행정과
휴게음식점,2008-10-17,김밥천국 노량진점,"서울특별시 동작구 만양로 72, 1층 (노량진동)",서울특별시 동작구 노량진동 223-20 ,21.78,일반조리판매,보건행정과
휴게음식점,2009-03-03,맛있는집 소풍,서울특별시 동작구 상도로 102 (상도동),서울특별시 동작구 상도동 324-1 ,58.4,일반조리판매,보건행정과
휴게음식점,2009-06-10,미니스톱 사당남사점,서울특별시 동작구 동작대로19길 16 (사당동),서울특별시 동작구 사당동 1006-31 ,3.3,일반조리판매,보건행정과
휴게음식점,2009-07-31,시장피자,"서울특별시 동작구 상도로22길 30, 1층 (상도동)",서울특별시 동작구 상도동 194-4 ,16.5,일반조리판매,보건행정과
휴게음식점,2009-08-14,세븐일레븐리버파크점,"서울특별시 동작구 만양로3길 20 (노량진동,신동아리버파크상가 1층)",서울특별시 동작구 노량진동 325-4 신동아리버파크상가 1층 ,6,편의점,보건행정과
휴게음식점,2009-08-28,경주빵 토방식품(주),서울특별시 동작구 동작대로29길 57 (사당동),서울특별시 동작구 사당동 127-49 ,21.19,일반조리판매,보건행정과
휴게음식점,2010-01-12,지에스25에스(GS25S) 신대방삼거리역점,,서울특별시 동작구 대방동 393 신대방삼거리역점 ,6.6,편의점,보건행정과
휴게음식점,2010-01-18,GS25 S 상도역점,,서울특별시 동작구 상도동 752-2 ,9.7,기타 휴게음식점,보건행정과
휴게음식점,2010-04-29,씨유 숭실대점,"서울특별시 동작구 사당로 42 (상도동,지하1층)",서울특별시 동작구 상도동 508-4 지하1층 ,3.3,편의점,보건행정과
휴게음식점,2010-09-03,미가매점,"서울특별시 동작구 보라매로5길 23 (신대방동,삼성옴니타워 지하1층 118호)",서울특별시 동작구 신대방동 395-62 삼성옴니타워 지하1층 118호 ,16.64,일반조리판매,보건행정과
휴게음식점,2010-09-29,아벨리아푸드Ⅱ 보라매병원점,"서울특별시 동작구 보라매로5길 20 (신대방동,서울특별시 보라매병원 본관1층)",서울특별시 동작구 신대방동 425 서울특별시 보라매병원 본관1층 ,33.37,일반조리판매,보건행정과
휴게음식점,2010-09-29,아벨리아푸드Ⅰ 보라매병원점,"서울특별시 동작구 보라매로5길 20 (신대방동,서울특별시 보라매병원 본관1층)",서울특별시 동작구 신대방동 425 서울특별시 보라매병원 본관1층 ,61.6,일반조리판매,보건행정과
휴게음식점,2010-10-06,만나 꼬기 반찬,"서울특별시 동작구 사당로16길 87 (사당동,(1층))",서울특별시 동작구 사당동 306-15 (1층) ,15.04,일반조리판매,보건행정과
휴게음식점,2010-11-10,책읽는고양이,"서울특별시 동작구 서달로10길 7 (흑석동,외 1필지 (2층))",서울특별시 동작구 흑석동 95-21 외 1필지 (2층) ,58.2,커피숍,보건행정과
휴게음식점,2010-11-22,이디야 커피 노량진 CTS점,"서울특별시 동작구 노량진로 110 (노량진동,외 15필지 1층 102호)",서울특별시 동작구 노량진동 41-5 외 15필지 1층 102호 ,41.25,커피숍,보건행정과
휴게음식점,2011-01-05,GS25 사당남사점,"서울특별시 동작구 동작대로17길 10 (사당동,1층)",서울특별시 동작구 사당동 1005-54 1층 ,3.3,편의점,보건행정과
휴게음식점,2011-03-10,Inyx(아이닉스),"서울특별시 동작구 동작대로27길 6 (사당동,(2층))",서울특별시 동작구 사당동 133-18 (2층) ,13,일반조리판매,보건행정과
휴게음식점,2011-03-18,함초美,,서울특별시 동작구 대방동 501 대림쇼핑상가동 1-21,24호 ,16.5,커피숍,보건행정과
휴게음식점,2011-04-06,씨유 동작국사봉길점,"서울특별시 동작구 국사봉길 87-1, 플레로마 1층 (상도동)",서울특별시 동작구 상도동 294-15 플레로마 ,3.3,편의점,보건행정과
휴게음식점,2011-05-30,타피오카(Tapioca),"서울특별시 동작구 동작대로 지하 3 (사당동,지하철4호선 복합상가2호)",서울특별시 동작구 사당동 1112 지하철4호선 복합상가2호 ,14,철도역구내,보건행정과
휴게음식점,2011-06-29,포베이 중앙대학교,,서울특별시 동작구 흑석동 221 중앙대학교 약학대학 R & D센터 지하1층 ,126.75,일반조리판매,보건행정과
휴게음식점,2011-09-21,양문카페,"서울특별시 동작구 시흥대로 646, 1층 4호 (신대방동)",서울특별시 동작구 신대방동 607-28 외 1필지 4호 ,51.98,커피숍,보건행정과
휴게음식점,2011-11-18,한젓가락하시겠소,,서울특별시 동작구 상도동 320-21 외 3필지 ,24.75,기타 휴게음식점,보건행정과
휴게음식점,2011-11-30,리틀제이콥스,,서울특별시 동작구 흑석동 45-2 흑석한강센트레빌 1층 111호 ,46.13,커피숍,보건행정과
휴게음식점,2011-12-27,맥도날드 이수점,"서울특별시 동작구 사당로 300 (사당동, 118,119,120,121,122 호)",서울특별시 동작구 사당동 147-29 118,119,120,121,122 호 ,213.33,패스트푸드,보건행정과
휴게음식점,2012-02-01,씨유 흑석명수대점,서울특별시 동작구 현충로 114-1 (흑석동),서울특별시 동작구 흑석동 43-94 ,6.6,편의점,보건행정과
휴게음식점,2012-03-06,씨유 상도대로점,서울특별시 동작구 상도로 292-1 (상도1동),서울특별시 동작구 상도1동 800-1 ,6.6,편의점,보건행정과
휴게음식점,2012-04-03,아이닉스PC방,"서울특별시 동작구 동작대로29나길 15 (사당동, 지하1층)",서울특별시 동작구 사당동 91-129 지하1층 ,10,일반조리판매,보건행정과
휴게음식점,2012-05-21,팔도쌀특산품,"서울특별시 동작구 사당로 지하 310 (사당동, 7호선 이수역 지하3층)",서울특별시 동작구 사당동 144-4 7호선 이수역 지하3층 ,19.8,일반조리판매,보건행정과
휴게음식점,2012-07-12,경성모밀,"서울특별시 동작구 동작대로29가길 6 (사당동, 1층)",서울특별시 동작구 사당동 88-18 1층 ,29.64,일반조리판매,보건행정과
휴게음식점,2012-08-16,베네버거,,서울특별시 동작구 상도동 365-1 1층 ,9.4,일반조리판매,보건행정과
휴게음식점,2012-09-06,피자헤븐 사당방배점,"서울특별시 동작구 사당로23길 26 (사당동, 1층)",서울특별시 동작구 사당동 160-52 1층 ,60.6,일반조리판매,보건행정과
휴게음식점,2012-10-16,씨유신대방덕우점,"서울특별시 동작구 여의대방로24길 66 (신대방동, 1층)",서울특별시 동작구 신대방동 361-37 1층 ,9.9,일반조리판매,보건행정과
휴게음식점,2012-11-01,씨유 동작행운점,"서울특별시 동작구 사당로 154, 1층 (사당동)",서울특별시 동작구 사당동 203-11 ,2.16,일반조리판매,보건행정과
휴게음식점,2012-11-29,울엄마떡볶이,"서울특별시 동작구 국사봉1길 4 (상도동, 1층)",서울특별시 동작구 상도동 328-10 1층 ,22,일반조리판매,보건행정과
휴게음식점,2013-05-31,사임당갤러리&카페,"서울특별시 동작구 동작대로39가길 89 (동작동, 1층)",서울특별시 동작구 동작동 61-44 1층 ,113.44,커피숍,보건행정과
휴게음식점,2014-02-17,슈니퐁당 와플&크레페,서울특별시 동작구 사당로 28 (상도동),서울특별시 동작구 상도동 505-1 ,18,일반조리판매,보건행정과
휴게음식점,2014-04-18,세븐일레븐(동작상도점),"서울특별시 동작구 상도로 206, 1층 (상도동)",서울특별시 동작구 상도동 170-10 ,2,편의점,보건행정과
휴게음식점,2014-04-23,씨유 사당갯마을점,서울특별시 동작구 동작대로43길 1 (동작동),서울특별시 동작구 동작동 102-31 ,3.3,편의점,보건행정과
휴게음식점,2014-04-25,씨유 사당보라점,서울특별시 동작구 동작대로29가길 20 (사당동),서울특별시 동작구 사당동 89-10 ,3.3,편의점,보건행정과
휴게음식점,2014-05-02,씨유 상도성대로점,"서울특별시 동작구 성대로10길 5, 1층 101호 (상도동, 아네트빌)",서울특별시 동작구 상도동 261-11 ,2,편의점,보건행정과
휴게음식점,2014-08-05,CU(씨유) 숭실대 원룸점,"서울특별시 동작구 상도로60길 15, 1층 (상도동)",서울특별시 동작구 상도동 497-12 ,3.3,편의점,보건행정과
휴게음식점,2014-08-07,GS25 상도골드점,서울특별시 동작구 양녕로26길 52 (상도동),서울특별시 동작구 상도동 215-11 ,3.3,편의점,보건행정과
휴게음식점,2014-08-20,GS25 동작우체국,서울특별시 동작구 여의대방로22길 78 (신대방동),서울특별시 동작구 신대방동 361-55 ,9.9,편의점,보건행정과
휴게음식점,2015-02-03,봉구스밥버거 중앙대후문점,서울특별시 동작구 흑석로 8 (상도1동),서울특별시 동작구 상도1동 645-2 ,31.35,일반조리판매,보건행정과
휴게음식점,2015-02-13,모녀옛날떡복이,서울특별시 동작구 사당로14길 13 (사당동),서울특별시 동작구 사당동 268-34 1층 ,34.8,일반조리판매,보건행정과
휴게음식점,2015-02-25,씨유사당태양점,"서울특별시 동작구 동작대로35길 25, 1층 (사당동)",서울특별시 동작구 사당동 71-2 ,62,편의점,보건행정과
휴게음식점,2015-06-02,키즈팡팡,"서울특별시 동작구 장승배기로 18, 지상2층 (상도동)",서울특별시 동작구 상도동 201-159 ,92.4,키즈카페,보건행정과
휴게음식점,2015-06-25,씨유 동작신동아점,"서울특별시 동작구 장승배기로16길 27, 1층 (노량진동)",서울특별시 동작구 노량진동 309-46 ,5,편의점,보건행정과
휴게음식점,2015-08-05,국수나무 이수역점,"서울특별시 동작구 사당로 300, 지상1층 (사당동)",서울특별시 동작구 사당동 147-29 ,40.25,일반조리판매,보건행정과
휴게음식점,2015-08-06,세븐PC방,"서울특별시 동작구 상도로 169, 지하1층 (상도동)",서울특별시 동작구 상도동 366-5 ,9.9,일반조리판매,보건행정과
휴게음식점,2015-09-03,세븐일레븐 숭실대정문점,서울특별시 동작구 상도로 372-4 (상도동),서울특별시 동작구 상도동 489-14 ,51.73,일반조리판매,보건행정과
휴게음식점,2015-09-08,커피도씨(℃),"서울특별시 동작구 동작대로 89, 골든시네마 제7 층 제707호 (사당동)",서울특별시 동작구 사당동 147-53 ,30.8,일반조리판매,보건행정과
휴게음식점,2015-10-07,선김밥,"서울특별시 동작구 상도로 168, 지상1층 (상도동)",서울특별시 동작구 상도동 364-23 ,23,일반조리판매,보건행정과
휴게음식점,2015-10-13,영도분식,"서울특별시 동작구 장승배기로10길 26, 지상1층 (상도동)",서울특별시 동작구 상도동 176-1 ,19,일반조리판매,보건행정과
휴게음식점,2015-11-11,꼭지떡볶이,"서울특별시 동작구 성대로2길 1, 지상1층 (상도동)",서울특별시 동작구 상도동 316-2 ,16.5,일반조리판매,보건행정과
휴게음식점,2015-11-26,지에스(GS)25보라매타워점,"서울특별시 동작구 보라매로5길 51, 지상1층 103호 (신대방동)",서울특별시 동작구 신대방동 395-67 ,3.3,편의점,보건행정과
휴게음식점,2015-12-18,세븐일레븐,서울특별시 동작구 사당로14길 32 (사당동),서울특별시 동작구 사당동 272-38 ,3.3,편의점,보건행정과
휴게음식점,2015-12-22,정감부엌,"서울특별시 동작구 상도로22나길 31, 지상1층 (상도동)",서울특별시 동작구 상도동 193-77 ,33.5,일반조리판매,보건행정과
휴게음식점,2016-01-22,지에스25노량메가점(GS25노량메가점),"서울특별시 동작구 노량진로 140, 지상1층 103호 (노량진동)",서울특별시 동작구 노량진동 57-1 ,3,편의점,보건행정과
휴게음식점,2016-02-01,이삭토스트,"서울특별시 동작구 상도로 168, 지상1층 (상도동)",서울특별시 동작구 상도동 364-23 ,10,일반조리판매,보건행정과
휴게음식점,2016-02-29,한끼컵밥,"서울특별시 동작구 장승배기로 120, 지상1층 (노량진동)",서울특별시 동작구 노량진동 309-39 ,16.52,일반조리판매,보건행정과
휴게음식점,2016-03-14,세븐일레븐대방동길점,서울특별시 동작구 대방동길 11 (대방동),서울특별시 동작구 대방동 391-9 ,6.6,편의점,보건행정과
휴게음식점,2016-03-22,인터파크PC방,"서울특별시 동작구 상도로 372, 지상3층 (상도동, 우리은행숭실대역지점)",서울특별시 동작구 상도동 494 ,3.3,일반조리판매,보건행정과
휴게음식점,2016-03-25,모노몰리PC방,"서울특별시 동작구 만양로 81, 지하1층 (노량진동)",서울특별시 동작구 노량진동 120-6 ,3.3,일반조리판매,보건행정과
휴게음식점,2016-04-05,탑클래스 PC,"서울특별시 동작구 보라매로 105, 지상2층 (신대방동)",서울특별시 동작구 신대방동 351-5 ,6,일반조리판매,보건행정과
휴게음식점,2016-04-05,로웰PC방,"서울특별시 동작구 노량진로 184, 지하1층 (노량진동)",서울특별시 동작구 노량진동 148-5 ,6.6,일반조리판매,보건행정과
휴게음식점,2016-04-06,켄즈피씨방,"서울특별시 동작구 만양로 7, 지하1층 (상도동)",서울특별시 동작구 상도동 22-107 ,6.7,일반조리판매,보건행정과
휴게음식점,2016-04-06,에이플 PC CAFE,"서울특별시 동작구 흑석로 79, 지하1층 (흑석동)",서울특별시 동작구 흑석동 195-19 ,6.6,일반조리판매,보건행정과
휴게음식점,2016-04-07,매직엔PC방,"서울특별시 동작구 서달로15길 23, 지하1층 (흑석동)",서울특별시 동작구 흑석동 181-1 ,5,일반조리판매,보건행정과
휴게음식점,2016-04-07,포포PC방 노량진점,"서울특별시 동작구 만양로 105, 지하1층 (노량진동)",서울특별시 동작구 노량진동 116-2 ,16.5,일반조리판매,보건행정과
휴게음식점,2016-04-07,메인PC방,"서울특별시 동작구 성대로 23, 지상3층 (상도동)",서울특별시 동작구 상도동 250-6 ,6.6,일반조리판매,보건행정과
휴게음식점,2016-04-11,싸이버파크PC방,"서울특별시 동작구 노량진로 180, 지하1층 (노량진동)",서울특별시 동작구 노량진동 148-91 ,5,일반조리판매,보건행정과
휴게음식점,2016-04-19,신참떡볶이,"서울특별시 동작구 노량진로 4, 지상1층 X2,YA호 (대방동)",서울특별시 동작구 대방동 341-2 ,13,일반조리판매,보건행정과
휴게음식점,2016-04-20,N-TOP PC카페,"서울특별시 동작구 상도로 102, 지하1층 (상도동)",서울특별시 동작구 상도동 324-1 ,9.9,일반조리판매,보건행정과
휴게음식점,2016-04-26,미니스톱동작휴앤하임점,"서울특별시 동작구 상도로15길 131, B102호 (상도동)",서울특별시 동작구 상도동 363-164 ,5,편의점,보건행정과
휴게음식점,2016-05-03,흥부가반해버리고놀부가기절한닭강정,"서울특별시 동작구 국사봉길 41, 지상1층 (상도동)",서울특별시 동작구 상도동 321-30 ,33,일반조리판매,보건행정과
휴게음식점,2016-05-03,씨유신대방다오라점,서울특별시 동작구 보라매로7가길 1 (신대방동),서울특별시 동작구 신대방동 344-259 ,15,편의점,보건행정과
휴게음식점,2016-05-11,GS25상도장안점,서울특별시 동작구 상도로37길 48 (상도1동),서울특별시 동작구 상도1동 268-1 1층 ,32.26,일반조리판매,보건행정과
휴게음식점,2016-05-30,세븐일레븐사당서광점,"서울특별시 동작구 동작대로27다길 29, 지상1층 (사당동)",서울특별시 동작구 사당동 138-4 ,6.6,편의점,보건행정과
휴게음식점,2016-06-14,부산어묵,"서울특별시 동작구 서달로14나길 21, 지상1층 (흑석동)",서울특별시 동작구 흑석동 54-136 ,12.8,일반조리판매,보건행정과
휴게음식점,2016-06-16,13호매점,"서울특별시 동작구 노들로 674, 노량진수산물도매시장 2층 매점13호 (노량진동)",서울특별시 동작구 노량진동 13-6 노량진수산물도매시장 ,7.27,일반조리판매,보건행정과
휴게음식점,2016-06-22,GS25사당극동점,"서울특별시 동작구 동작대로29길 119, 114동 상가 1층 102호 (사당동)",서울특별시 동작구 사당동 105 ,6.6,편의점,보건행정과
휴게음식점,2016-07-07,O.GUN아이스크림,"서울특별시 동작구 노들로 674, 지상2층 매점9호 (노량진동)",서울특별시 동작구 노량진동 13-6 ,5.29,아이스크림,보건행정과
휴게음식점,2016-07-21,용PC cafe 숭실대점,"서울특별시 동작구 상도로61길 40, 지상3층 (상도동)",서울특별시 동작구 상도동 504-3 ,6.6,일반조리판매,보건행정과
휴게음식점,2016-07-29,GS25동작도서관점,"서울특별시 동작구 장승배기로 96, 지상1층 (노량진동)",서울특별시 동작구 노량진동 310-99 ,6.6,편의점,보건행정과
휴게음식점,2016-07-29,오다가다,"서울특별시 동작구 동작대로35길 10, 지상1층 (사당동)",서울특별시 동작구 사당동 39-10 ,48,일반조리판매,보건행정과
휴게음식점,2016-08-26,쓰리탑(3TOP),"서울특별시 동작구 동작대로27가길 44, 지상4층 (사당동)",서울특별시 동작구 사당동 147-81 ,19.8,일반조리판매,보건행정과
휴게음식점,2016-08-31,더블유PC방,"서울특별시 동작구 상도로63길 15, 지하1층 (상도동)",서울특별시 동작구 상도동 503 ,3.3,일반조리판매,보건행정과
휴게음식점,2016-09-07,GS25사당수석점,"서울특별시 동작구 남부순환로259길 11, 지하1층 (사당동)",서울특별시 동작구 사당동 1051-41 ,6.6,편의점,보건행정과
휴게음식점,2016-09-20,310쌀국수,"서울특별시 동작구 흑석로 84, 지하4층 409호 (흑석동, 310관)",서울특별시 동작구 흑석동 221 ,123.64,일반조리판매,보건행정과
휴게음식점,2016-10-04,피플러스PC방,"서울특별시 동작구 동작대로 85, 지하1층 (사당동)",서울특별시 동작구 사당동 1007-39 ,6.3,일반조리판매,보건행정과
휴게음식점,2016-10-06,포유피시방,"서울특별시 동작구 동작대로 141, 지하1층 (사당동)",서울특별시 동작구 사당동 86-5 ,6.6,일반조리판매,보건행정과
휴게음식점,2016-10-12,이마트24 전문건설회관점,"서울특별시 동작구 보라매로5길 15, 지하1층 (신대방동)",서울특별시 동작구 신대방동 395-70 ,5,편의점,보건행정과
휴게음식점,2016-10-14,컵속애,"서울특별시 동작구 노량진로16길 28-1, 지상1층 (노량진동)",서울특별시 동작구 노량진동 89-2 ,18,일반조리판매,보건행정과
휴게음식점,2016-11-03,얌샘장승배기점,"서울특별시 동작구 장승배기로11가길 11, 상도파크자이단지내상가동 102호 (상도동)",서울특별시 동작구 상도동 363-3 ,40,일반조리판매,보건행정과
휴게음식점,2016-11-07,GS25동작한양점,서울특별시 동작구 노량진로6길 59 (노량진동),서울특별시 동작구 노량진동 289-88 ,3.3,편의점,보건행정과
휴게음식점,2016-11-16,이스포츠센터(e-스포츠센터),"서울특별시 동작구 양녕로 280-1, 지하1층 (상도1동)",서울특별시 동작구 상도1동 635 ,13.2,일반조리판매,보건행정과
휴게음식점,2016-12-07,이마트24노량진로점,"서울특별시 동작구 노량진로8길 26, 지상1층 (노량진동)",서울특별시 동작구 노량진동 261-2 ,3.3,편의점,보건행정과
휴게음식점,2016-12-12,세븐일레븐상도역점,서울특별시 동작구 상도로 274 (상도1동),서울특별시 동작구 상도1동 747-3 ,3.3,편의점,보건행정과
휴게음식점,2016-12-13,한끼니,"서울특별시 동작구 상도로 65, 지상1층 (대방동)",서울특별시 동작구 대방동 394-7 ,30,일반조리판매,보건행정과
휴게음식점,2016-12-30,엘에스와이 랩,"서울특별시 동작구 노량진로 250, 지상1층 (본동)",서울특별시 동작구 본동 126-13 ,19,일반조리판매,보건행정과
휴게음식점,2017-01-03,GS25상도스위트,서울특별시 동작구 상도로15길 13 (상도동),서울특별시 동작구 상도동 351-7 ,5,편의점,보건행정과
휴게음식점,2017-01-04,씨유대방행복,서울특별시 동작구 대방동15길 3 (대방동),서울특별시 동작구 대방동 391-241 ,6.6,편의점,보건행정과
휴게음식점,2017-01-10,타요키즈카페보라매점,"서울특별시 동작구 보라매로5가길 16, 603호 (신대방동)",서울특별시 동작구 신대방동 395-69 ,68,키즈카페,보건행정과
휴게음식점,2017-01-11,카페쿠잉(cafe cooing),"서울특별시 동작구 여의대방로 286, 지상1층 (대방동)",서울특별시 동작구 대방동 341-4 ,25,일반조리판매,보건행정과
휴게음식점,2017-01-31,굿센스PC방 사당본점,"서울특별시 동작구 남부순환로 2055, 지하1층 101호 (사당동)",서울특별시 동작구 사당동 1046-8 ,6.6,일반조리판매,보건행정과
휴게음식점,2017-02-16,GS25상도래미안점,"서울특별시 동작구 상도로37길 76, 1층 (상도동, 리치타운)",서울특별시 동작구 상도동 486 ,6.6,일반조리판매,보건행정과
휴게음식점,2017-02-21,명랑쌀핫도그 이수점,"서울특별시 동작구 동작대로27길 22, 1층 (사당동)",서울특별시 동작구 사당동 139-36 ,18,일반조리판매,보건행정과
휴게음식점,2017-02-21,GS25 사당센시티점,"서울특별시 동작구 사당로 169, 1층 (사당동)",서울특별시 동작구 사당동 218 ,3,일반조리판매,보건행정과
휴게음식점,2017-02-28,(주)한국축지,"서울특별시 동작구 사당로 300, 지하1층 (사당동)",서울특별시 동작구 사당동 147-29 ,51.84,일반조리판매,보건행정과
휴게음식점,2017-03-15,포들(보라매점),"서울특별시 동작구 보라매로3길 29, 지하1층 50호, 51호 (신대방동, 해태보라매타워)",서울특별시 동작구 신대방동 708 ,17.4,일반조리판매,보건행정과
휴게음식점,2017-03-15,이스포츠센터PC방,"서울특별시 동작구 상도로47길 4, 지하1층 (상도동)",서울특별시 동작구 상도동 463-2 ,13.2,일반조리판매,보건행정과
휴게음식점,2017-04-04,지에스(GS)25 사당남부점,"서울특별시 동작구 남부순환로 2055, 1층 (사당동)",서울특별시 동작구 사당동 1046-8 ,3,편의점,보건행정과
휴게음식점,2017-04-19,호야PC월드 본점,"서울특별시 동작구 국사봉1길 32, 6층 (상도동, 성대빌딩)",서울특별시 동작구 상도동 322-19 ,15,일반조리판매,보건행정과
휴게음식점,2017-04-19,GS25신대방중앙점,"서울특별시 동작구 국사봉길 12, 1층 (신대방동)",서울특별시 동작구 신대방동 347-2 ,3,일반조리판매,보건행정과
휴게음식점,2017-04-24,샐러디보라매점,"서울특별시 동작구 보라매로5길 43, 1층 109호 (신대방동, 보라매삼성쉐르빌)",서울특별시 동작구 신대방동 395-66 ,51.26,일반조리판매,보건행정과
휴게음식점,2017-05-16,세븐일레븐 대방성남점,"서울특별시 동작구 대방동길 71, 1층 (대방동)",서울특별시 동작구 대방동 376-5 ,6.6,일반조리판매,보건행정과
휴게음식점,2017-05-18,GS25동작이편한점,"서울특별시 동작구 국사봉2길 35, 1층 (신대방동)",서울특별시 동작구 신대방동 340-6 ,6,일반조리판매,보건행정과
휴게음식점,2017-05-23,GS25중대후문점,"서울특별시 동작구 흑석로 18, 1층 (상도1동)",서울특별시 동작구 상도1동 491-1 ,6.6,일반조리판매,보건행정과
휴게음식점,2017-05-26,세븐일레븐 상도파크자이점,"서울특별시 동작구 장승배기로11가길 11, 상가동 지하2층 103호 (상도동, 상도파크자이)",서울특별시 동작구 상도동 900 ,3.3,일반조리판매,보건행정과
휴게음식점,2017-05-30,환희컵밥도시락,"서울특별시 동작구 노량진로 252, 지하1층 101호 (본동)",서울특별시 동작구 본동 48 ,27,일반조리판매,보건행정과
휴게음식점,2017-05-31,GS25양녕골드,"서울특별시 동작구 양녕로25길 42, 1층 (상도동)",서울특별시 동작구 상도동 210-191 ,3.3,일반조리판매,보건행정과
휴게음식점,2017-06-20,베러댄와플 중앙대점,"서울특별시 동작구 서달로 163, 1층 (흑석동)",서울특별시 동작구 흑석동 100-9 ,12.93,일반조리판매,보건행정과
휴게음식점,2017-06-21,GS25사당드림점,"서울특별시 동작구 동작대로7길 56, 1층 105호 (사당동)",서울특별시 동작구 사당동 1038-51 ,3.3,일반조리판매,보건행정과
휴게음식점,2017-07-07,GS25상도맨션점,"서울특별시 동작구 성대로 189, 1층 (상도동)",서울특별시 동작구 상도동 202-176 ,3,편의점,보건행정과
휴게음식점,2017-07-11,GS25상도행운점,"서울특별시 동작구 국사봉1길 81, 1층 (상도동)",서울특별시 동작구 상도동 307-13 ,3.3,일반조리판매,보건행정과
휴게음식점,2017-07-27,씨유노량진리버파크점,"서울특별시 동작구 만양로 19, 상가동 1층 112호,113호,114호 (노량진동, 신동아리버파크아파트)",서울특별시 동작구 노량진동 325 ,3.3,일반조리판매,보건행정과
휴게음식점,2017-08-09,씨유동작스위트점,"서울특별시 동작구 보라매로 76-1, 1층 (신대방동)",서울특별시 동작구 신대방동 342-38 ,6,일반조리판매,보건행정과
휴게음식점,2017-08-11,GS25사당문화점,"서울특별시 동작구 사당로 196, 1층 (사당동)",서울특별시 동작구 사당동 248-5 ,3,일반조리판매,보건행정과
휴게음식점,2017-09-05,GS25동작신라점,"서울특별시 동작구 시흥대로 602, 1층 (신대방동)",서울특별시 동작구 신대방동 686-53 ,3.3,일반조리판매,보건행정과
휴게음식점,2017-09-20,GS25동작상도점,"서울특별시 동작구 상도로 130, 1층 (상도동)",서울특별시 동작구 상도동 355-6 ,6.6,일반조리판매,보건행정과
휴게음식점,2017-09-26,GS25상도아람점,"서울특별시 동작구 국사봉1길 149, 1층 (상도동)",서울특별시 동작구 상도동 289 ,3.3,일반조리판매,보건행정과
휴게음식점,2017-09-27,GS25대방쉐르빌점,"서울특별시 동작구 등용로 49, A동 B01호 (대방동)",서울특별시 동작구 대방동 5-2 ,3.3,일반조리판매,보건행정과
휴게음식점,2017-09-29,GS25상도엠코점,"서울특별시 동작구 상도로 346-2, 401동 B404호 (상도동)",서울특별시 동작구 상도동 533 ,3.3,일반조리판매,보건행정과
휴게음식점,2017-10-11,명품찹쌀꽈배기&핫도그,"서울특별시 동작구 사당로16길 19, 1층 (사당동)",서울특별시 동작구 사당동 318-75 ,17,일반조리판매,보건행정과
휴게음식점,2017-10-12,스마일,"서울특별시 동작구 여의대방로22길 88, 1층 (신대방동)",서울특별시 동작구 신대방동 361-92 ,23,일반조리판매,보건행정과
휴게음식점,2017-10-31,GS25대방현대점,"서울특별시 동작구 등용로 127, 가동 1층 102호 (대방동, 대방동현대아파트)",서울특별시 동작구 대방동 502 대방동현대아파트 ,3.3,일반조리판매,보건행정과
휴게음식점,2017-11-08,GS대방성남점,"서울특별시 동작구 대방동23길 18, 1층 (대방동)",서울특별시 동작구 대방동 376-28 ,3.3,일반조리판매,보건행정과
휴게음식점,2017-11-13,GS25상도초교편의점,"서울특별시 동작구 성대로29길 79, 지하1층 (상도동)",서울특별시 동작구 상도동 238 대광빌딩 ,3.3,일반조리판매,보건행정과
휴게음식점,2017-11-13,영도순대,"서울특별시 동작구 장승배기로10길 26, 1층 (상도동, 영도시장)",서울특별시 동작구 상도동 176-1 영도시장 ,13.2,일반조리판매,보건행정과
휴게음식점,2017-11-17,GS25신이수자이점,"서울특별시 동작구 사당로28길 6, 1층 (사당동)",서울특별시 동작구 사당동 1003-40 ,3.3,일반조리판매,보건행정과
휴게음식점,2017-11-28,씨유사당서달산점,"서울특별시 동작구 사당로23길 215, 1층 (사당동)",서울특별시 동작구 사당동 175-5 ,3.3,일반조리판매,보건행정과
휴게음식점,2017-12-12,김종구부산어묵,"서울특별시 동작구 노량진로 157-1, 1층 (노량진동)",서울특별시 동작구 노량진동 67-8 굿베이커리 ,18,일반조리판매,보건행정과
휴게음식점,2017-12-13,세븐일레븐 동작대방역점,"서울특별시 동작구 노량진로 22, 경방빌딩 1층 (대방동)",서울특별시 동작구 대방동 339-15 경방빌딩 ,3.3,일반조리판매,보건행정과
휴게음식점,2017-12-21,GS25노량진수산시장점,"서울특별시 동작구 노들로 674, 노량진수산물도매시장 2층 편의점호 (노량진동)",서울특별시 동작구 노량진동 13-6 노량진수산물도매시장 ,3.3,일반조리판매,보건행정과
휴게음식점,2018-01-04,김가네김밥,"서울특별시 동작구 사당로 12, 지하1층 B02호 (상도동)",서울특별시 동작구 상도동 502-8 ,61.94,일반조리판매,보건행정과
휴게음식점,2018-01-16,이마트24사당교보점,"서울특별시 동작구 동작대로13길 3, JH빌딩 1층 (사당동)",서울특별시 동작구 사당동 1019-30 JH빌딩 ,3.3,일반조리판매,보건행정과
휴게음식점,2018-01-19,몬스터PC방 2호점,"서울특별시 동작구 흑석로 111, 지하1층 (흑석동)",서울특별시 동작구 흑석동 181-11 ,6,일반조리판매,보건행정과
휴게음식점,2018-01-19,몬스터PC방 1호점,"서울특별시 동작구 흑석로 105, 3층 (흑석동)",서울특별시 동작구 흑석동 183-5 ,6.6,일반조리판매,보건행정과
휴게음식점,2018-02-07,CU중대동양점,"서울특별시 동작구 흑석로9길 7, 1층 (흑석동)",서울특별시 동작구 흑석동 190-35 ,3.3,일반조리판매,보건행정과
휴게음식점,2018-02-19,놀숲노량진점,"서울특별시 동작구 노량진로 176, 지하1층 (노량진동)",서울특별시 동작구 노량진동 148-89 ,41.17,일반조리판매,보건행정과
휴게음식점,2018-02-20,씨유중대청룡점,"서울특별시 동작구 흑석로6길 23, 1층 (흑석동)",서울특별시 동작구 흑석동 207-26 ,6.6,일반조리판매,보건행정과
휴게음식점,2018-02-27,GS25사당래미안,"서울특별시 동작구 사당로23길 181, 1층 (사당동)",서울특별시 동작구 사당동 175-25 ,6.6,일반조리판매,보건행정과
휴게음식점,2018-03-02,GS25노량진본점,"서울특별시 동작구 노량진로8길 40, 1층 (노량진동)",서울특별시 동작구 노량진동 258-42 ,3.3,일반조리판매,보건행정과
휴게음식점,2018-03-15,씨유상도래미안점,"서울특별시 동작구 상도로53길 47, 1층 (상도1동)",서울특별시 동작구 상도1동 318-3 동인할인마트 ,6.6,일반조리판매,보건행정과
휴게음식점,2018-06-01,이마트24사당역점,"서울특별시 동작구 남부순환로 2045, 1층 (사당동)",서울특별시 동작구 사당동 1047-32 동진빌딩 ,10,편의점,보건행정과
휴게음식점,2018-06-07,GS25사당까치점,"서울특별시 동작구 사당로16길 65, 동빌딩 (사당동)",서울특별시 동작구 사당동 309-21 동빌딩 ,3.3,편의점,보건행정과
휴게음식점,2018-07-16,세븐일레븐 상도한사랑점,"서울특별시 동작구 상도로41길 39, 대경리치빌 1층 (상도1동)",서울특별시 동작구 상도1동 441-6 대경리치빌 ,3.3,편의점,보건행정과
휴게음식점,2018-07-17,세븐일레븐 상도터널점,"서울특별시 동작구 상도로 265-30, 1층 (상도1동)",서울특별시 동작구 상도1동 691 신도리코 ,6.6,편의점,보건행정과
휴게음식점,2018-07-18,씨유 노들타운점,"서울특별시 동작구 노량진로26길 25, 1층 (본동)",서울특별시 동작구 본동 48-29 ,3.3,편의점,보건행정과
휴게음식점,2018-07-24,이마트24 상도역점,"서울특별시 동작구 상도로 257, 1층 (상도동)",서울특별시 동작구 상도동 34-30 ,3.3,편의점,보건행정과
휴게음식점,2018-09-11,GS25 숭실대점,"서울특별시 동작구 사당로 30, 1층 (상도동)",서울특별시 동작구 상도동 505 ,6.6,편의점,보건행정과
휴게음식점,2018-09-13,GS25 동작정금마을,"서울특별시 동작구 동작대로 189, 1층 102호 (동작동)",서울특별시 동작구 동작동 55-21 ,3.3,편의점,보건행정과
휴게음식점,2018-09-28,씨유 사당주영점,서울특별시 동작구 동작대로29길 127 (사당동),서울특별시 동작구 사당동 105-4 주영교회 ,3.3,편의점,보건행정과
휴게음식점,2018-10-04,세븐일레븐 동작대림점,"서울특별시 동작구 상도로 43-1, 1층 (대방동)",서울특별시 동작구 대방동 396-1 ,6.6,편의점,보건행정과
휴게음식점,2018-11-16,CU신대방리안점,"서울특별시 동작구 상도로 59, 1층 103호 (대방동, 리안)",서울특별시 동작구 대방동 394-26 리안 ,3.3,편의점,보건행정과
휴게음식점,2018-11-21,지에스25동작엠코타운,"서울특별시 동작구 상도로 346-1, 상가3동 1층 103,104호 (상도동, 상도엠코타운 센트럴파크)",서울특별시 동작구 상도동 531 상도엠코타운 센트럴파크 ,3.3,편의점,보건행정과
휴게음식점,2018-11-28,씨유 보라매타운점,"서울특별시 동작구 보라매로5가길 24, 업무동 1층 102호 (신대방동, 보라매나산스위트)",서울특별시 동작구 신대방동 395-68 보라매나산스위트 ,3.3,편의점,보건행정과
휴게음식점,2018-12-12,(주)지에스25 흑석중대점,"서울특별시 동작구 서달로14가길 1, 1층 (흑석동)",서울특별시 동작구 흑석동 52-1 ,6.6,편의점,보건행정과
휴게음식점,2018-12-24,지에스25(GS25)사당점,"서울특별시 동작구 사당로23나길 34, 1층 (사당동)",서울특별시 동작구 사당동 162-61 ,3.3,편의점,보건행정과
휴게음식점,2019-01-08,씨유 동작산들점,"서울특별시 동작구 신대방길 19, 1층 (신대방동)",서울특별시 동작구 신대방동 691-36 ,3,편의점,보건행정과
휴게음식점,2019-01-16,CU상도역점,"서울특별시 동작구 상도로 266, 1층 (상도1동)",서울특별시 동작구 상도1동 705 ,3,편의점,보건행정과
휴게음식점,2019-01-29,씨유동작구청2호점,"서울특별시 동작구 노량진로8길 72, 1층 (노량진동)",서울특별시 동작구 노량진동 244-12 ,3.3,편의점,보건행정과
휴게음식점,2019-02-07,세븐일레븐 동작리버하임점,"서울특별시 동작구 현충로 52, 상가1동 1층 9호 (흑석동)",서울특별시 동작구 흑석동 158-1 ,6.6,커피숍,보건행정과
휴게음식점,2019-03-04,CU 상도포스코점,"서울특별시 동작구 장승배기로10길 130, 1층 (상도동)",서울특별시 동작구 상도동 521 상도 더샾아파트 ,6.6,편의점,보건행정과
휴게음식점,2019-03-15,지에스(GS)25 상도건영점,"서울특별시 동작구 만양로 26, 상가동 2층 211호 (상도동, 건영아파트)",서울특별시 동작구 상도동 414 건영아파트 ,3.3,편의점,보건행정과
휴게음식점,2019-03-15,세븐일레븐 동작성대로점,"서울특별시 동작구 성대로1길 9, 1층 (상도동)",서울특별시 동작구 상도동 346-1 ,6.6,편의점,보건행정과
휴게음식점,2019-03-28,지에스25 대방경남점,"서울특별시 동작구 여의대방로54길 14, 1층 (대방동)",서울특별시 동작구 대방동 344-1 경준빌딩 ,3.3,편의점,보건행정과
휴게음식점,2019-04-01,지에스25(GS25) S이수역점,"서울특별시 동작구 사당로 지하 310, 이수역(7호선) (사당동)",서울특별시 동작구 사당동 144-4 이수역(7호선) ,3.3,편의점,보건행정과
휴게음식점,2019-04-02,지에스(GS)25 노들역점,"서울특별시 동작구 노량진로23가길 23, 상가동 105호 (본동, 래미안 트윈파크)",서울특별시 동작구 본동 494 래미안 트윈파크 ,3.3,편의점,보건행정과
휴게음식점,2019-04-12,CU노량진장미점,"서울특별시 동작구 만양로 105, 1층 (노량진동)",서울특별시 동작구 노량진동 116-2 한성빌딩 ,3.3,편의점,보건행정과
휴게음식점,2019-04-15,씨유 이수나누리점,"서울특별시 동작구 동작대로27길 18, 1층 (사당동)",서울특별시 동작구 사당동 132-6 ,3.3,편의점,보건행정과
휴게음식점,2019-04-17,지에스(GS)25 상도스카이점,"서울특별시 동작구 성대로10길 56, 1층 (상도동)",서울특별시 동작구 상도동 279-275 ,3.3,편의점,보건행정과
휴게음식점,2019-04-26,씨유 상도예강점,"서울특별시 동작구 성대로6길 32, 1층 (상도동)",서울특별시 동작구 상도동 313-36 ,3.3,편의점,보건행정과
휴게음식점,2019-05-02,CU총신대종합관점,"서울특별시 동작구 사당로 143, 대한예수교장로회총회신학원 1층 (사당동)",서울특별시 동작구 사당동 200-1 대한예수교장로회총회신학원 ,3,편의점,보건행정과
휴게음식점,2019-05-07,씨유 노량진우성점,"서울특별시 동작구 만양로8길 6, 1층 (노량진동)",서울특별시 동작구 노량진동 214-8 전원미술학원 ,2,편의점,보건행정과
휴게음식점,2019-05-08,지에스25 흑석캐슬,"서울특별시 동작구 서달로 123, 상가동 1층 102호 (흑석동)",서울특별시 동작구 흑석동 232-55 ,3.3,편의점,보건행정과
휴게음식점,2019-05-16,세븐일레븐 동작옴니타워점,"서울특별시 동작구 보라매로5길 23, 지하1층 B107,108호 (신대방동, 삼성보라매옴니타워)",서울특별시 동작구 신대방동 395-62 삼성보라매옴니타워 ,6.6,편의점,보건행정과
휴게음식점,2019-05-27,세븐일레븐 사당1동점,"서울특별시 동작구 남부순환로265가길 20, 제지하층 제101호 (사당동, 가온)",서울특별시 동작구 사당동 419-120 가온 ,6.6,편의점,보건행정과
휴게음식점,2019-05-29,세븐일레븐 흑석리버하임점,"서울특별시 동작구 현충로 52, 아크로 리버하임 근린생활시설 7-2 34호 (흑석동)",서울특별시 동작구 흑석동 158-1 ,6.6,편의점,보건행정과
휴게음식점,2019-06-21,CU숭실대역점,"서울특별시 동작구 상도로 368-1, 1층 (상도동)",서울특별시 동작구 상도동 489-8 청봉빌딩 ,3.3,일반조리판매,보건행정과
휴게음식점,2019-07-10,CU 사당리가점,"서울특별시 동작구 사당로27길 130, 지층 204호 (사당동, 이수역리가아파트)",서울특별시 동작구 사당동 1157 이수역리가아파트 ,3,편의점,보건행정과
휴게음식점,2019-08-13,CU노량진청탑점,"서울특별시 동작구 노량진로 114, 1층 (노량진동)",서울특별시 동작구 노량진동 40-14 청탑학원 ,3.3,일반조리판매,보건행정과
휴게음식점,2019-08-16,경성꽈배기,"서울특별시 동작구 동작대로29길 17, 1층 (사당동)",서울특별시 동작구 사당동 130-14 ,24,일반조리판매,보건행정과
휴게음식점,2019-10-15,(CU)노량진드림점,"서울특별시 동작구 노량진로6길 88, 1층 (노량진동)",서울특별시 동작구 노량진동 297-5 예원피아노 ,3,편의점,보건행정과
휴게음식점,2019-10-16,지에스25 동작현대점,"서울특별시 동작구 현충로 153, 한강현대아파트 상가동 지하9호 (흑석동)",서울특별시 동작구 흑석동 28 한강현대아파트 ,6.6,편의점,보건행정과
휴게음식점,2019-10-18,씨유 상도개미점,"서울특별시 동작구 상도로15길 36, 1층 (상도동)",서울특별시 동작구 상도동 354-3 ,3,편의점,보건행정과
휴게음식점,2019-10-23,(주)세나코퍼레이션 씨유 숭실대중앙점,"서울특별시 동작구 상도로63길 21, 1층 (상도동)",서울특별시 동작구 상도동 504-8 ,3.3,편의점,보건행정과
휴게음식점,2019-10-25,닥터방방,"서울특별시 동작구 동작대로29길 69, 402-1호 (사당동)",서울특별시 동작구 사당동 120-1 금강산보석불가마사우나 ,6,키즈카페,보건행정과
휴게음식점,2019-10-25,지에스25 중대학사,"서울특별시 동작구 흑석로 88, 1층 (흑석동)",서울특별시 동작구 흑석동 223-18 ,3.3,편의점,보건행정과
휴게음식점,2019-11-22,씨유 성대시장점,"서울특별시 동작구 상도로 102, 성대시장 1층 (상도동)",서울특별시 동작구 상도동 324-1 성대시장 ,3,편의점,보건행정과
휴게음식점,2019-12-05,지에스(GS)25 사당본점,"서울특별시 동작구 사당로22나길 22, 1층 (사당동)",서울특별시 동작구 사당동 429-35 ,3.3,편의점,보건행정과
휴게음식점,2019-12-11,아이센스리그PC사당점,"서울특별시 동작구 남부순환로 2067, 3층 (사당동)",서울특별시 동작구 사당동 1044-4 정석빌딩 ,34,일반조리판매,보건행정과
휴게음식점,2020-01-14,씨유상도양녕로점,"서울특별시 동작구 양녕로20길 80, 1층 (상도동)",서울특별시 동작구 상도동 214-88 ,3.3,편의점,보건행정과
휴게음식점,2020-03-31,세븐일레븐 동작제일점,"서울특별시 동작구 사당로12길 22, 1층 (사당동)",서울특별시 동작구 사당동 249-11 ,40.18,편의점,보건행정과
휴게음식점,2020-04-06,지에스이십오흑석한강,"서울특별시 동작구 흑석한강로 27, D동 B층 303,304호 (흑석동, 흑석한강푸르지오)",서울특별시 동작구 흑석동 336 흑석한강푸르지오 ,30.94,편의점,보건행정과
휴게음식점,2020-04-24,엄마네반찬,"서울특별시 동작구 만양로 84, 지하1층 6호 (노량진동, 삼익주상복합아파트)",서울특별시 동작구 노량진동 330 삼익주상복합아파트 ,8.9,일반조리판매,보건행정과
휴게음식점,2020-05-27,노량진시장튀김,"서울특별시 동작구 노들로 674, 노량진수산물도매시장 2층 식자재11호 (노량진동)",서울특별시 동작구 노량진동 13-6 노량진수산물도매시장 ,11.27,일반조리판매,보건행정과
휴게음식점,2020-06-17,지에스(GS)25 흑석푸르지오점,"서울특별시 동작구 흑석한강로 27, 상가A동 지하2층 B205호 (흑석동, 흑석한강푸르지오)",서울특별시 동작구 흑석동 336 흑석한강푸르지오 ,64.48,편의점,보건행정과
휴게음식점,2020-06-18,지에스(GS)25 상도모아점,"서울특별시 동작구 상도로41가길 15, 1층 (상도1동)",서울특별시 동작구 상도1동 660-1 ,3.3,편의점,보건행정과
휴게음식점,2020-06-22,씨유 사당모임점,"서울특별시 동작구 사당로2차길 82, 1층 (사당동)",서울특별시 동작구 사당동 227-16 ,6.6,편의점,보건행정과
휴게음식점,2020-08-03,세븐일레븐 동작국사봉점,"서울특별시 동작구 국사봉길 134, 1층 (상도동)",서울특별시 동작구 상도동 301-159 ,7,편의점,보건행정과
휴게음식점,2020-08-13,이마트24 self사당롯데캐슬점,"서울특별시 동작구 사당로27길 190, 103호 (사당동, 롯데캐슬)",서울특별시 동작구 사당동 1132 롯데캐슬 ,6.6,편의점,보건행정과
휴게음식점,2020-08-21,씨유 신대방파크점,"서울특별시 동작구 여의대방로10길 59, 상가동 102호 (신대방동, 보라매파크빌아파트)",서울특별시 동작구 신대방동 711 보라매파크빌아파트 ,6.6,편의점,보건행정과
휴게음식점,2020-08-28,지에스(GS)25 대방중앙점,"서울특별시 동작구 여의대방로36길 4, 중앙빌딩 1층 (대방동)",서울특별시 동작구 대방동 389-3 중앙빌딩 ,9,편의점,보건행정과
휴게음식점,2020-09-14,지에스25 사당자이점,"서울특별시 동작구 사당로2가길 103, 1층 (사당동)",서울특별시 동작구 사당동 190-197 ,9.9,편의점,보건행정과
휴게음식점,2020-09-23,지에스25동작센타점,"서울특별시 동작구 양녕로28길 28, 1층 (상도동)",서울특별시 동작구 상도동 212-36 ,3.3,편의점,보건행정과
휴게음식점,2020-09-23,이마트24R보라매서울대병원점,"서울특별시 동작구 보라매로5길 20, 서울특별시보라매병원 1층 (신대방동)",서울특별시 동작구 신대방동 425 서울특별시보라매병원 ,3.3,편의점,보건행정과
휴게음식점,2020-09-24,씨유 노량진드림타워점,"서울특별시 동작구 장승배기로 168, 드림타워 (노량진동)",서울특별시 동작구 노량진동 54-11 드림타워 ,3.3,편의점,보건행정과
휴게음식점,2020-10-15,간식나라,"서울특별시 동작구 만양로 19, 1층 135호 (노량진동, 신동아리버파크아파트)",서울특별시 동작구 노량진동 325 신동아리버파크아파트 ,16,일반조리판매,보건행정과
휴게음식점,2020-10-16,지에스25대방타운점,"서울특별시 동작구 여의대방로24라길 32, 1층 (대방동)",서울특별시 동작구 대방동 402-7 ,9.9,편의점,보건행정과
휴게음식점,2020-10-20,씨유 사당로점,"서울특별시 동작구 동작대로9가길 30, 1층 (사당동)",서울특별시 동작구 사당동 1027-4 ,3.3,편의점,보건행정과
휴게음식점,2020-10-23,세븐일레븐상도한마을점,"서울특별시 동작구 상도로47길 30, 1층 (상도1동)",서울특별시 동작구 상도1동 312 ,3.3,편의점,보건행정과
휴게음식점,2020-10-26,씨유 사당삼성점,"서울특별시 동작구 사당로17길 85, 1층 (사당동)",서울특별시 동작구 사당동 263-15 ,3.3,편의점,보건행정과
휴게음식점,2020-10-26,지에스(GS)25 동작유한점,"서울특별시 동작구 등용로14길 44, 1층 (대방동)",서울특별시 동작구 대방동 43-2 ,3.3,편의점,보건행정과
휴게음식점,2020-11-05,치킨 키친(CHICKEN KITCHEN),"서울특별시 동작구 양녕로 186, 1층 101호 (상도동)",서울특별시 동작구 상도동 210-299 ,19.8,일반조리판매,보건행정과
휴게음식점,2020-11-13,동작역 호두붐,"서울특별시 동작구 현충로 257, 4호선 동작역 Dongjak s.t 431-004호 (동작동)",서울특별시 동작구 동작동 327-1 4호선 동작역 Dongjak s.t ,10.75,일반조리판매,보건행정과
휴게음식점,2020-11-18,쓰리팝(3POP PC CAFE),"서울특별시 동작구 동작대로3길 6, 해암빌딩 4층 (사당동)",서울특별시 동작구 사당동 1031-26 해암빌딩 ,16.5,일반조리판매,보건행정과
휴게음식점,2020-11-20,씨유 상도엠코점,"서울특별시 동작구 상도로 346-1, 제상가1동 1층 111호 (상도동, 힐스테이트 상도 센트럴파크)",서울특별시 동작구 상도동 531 힐스테이트 상도 센트럴파크 ,9.9,편의점,보건행정과
휴게음식점,2020-11-23,씨유(CU)신대방센터점,"서울특별시 동작구 여의대방로 68, 1층 (신대방동)",서울특별시 동작구 신대방동 492-206 ,3.3,편의점,보건행정과
휴게음식점,2020-11-26,세븐일레븐 대방중앙점,"서울특별시 동작구 대방동길 38, 1층 (대방동)",서울특별시 동작구 대방동 392-21 ,3.3,편의점,보건행정과
휴게음식점,2020-12-15,샌드위치킹,"서울특별시 동작구 여의대방로46길 32, 1층 (대방동)",서울특별시 동작구 대방동 344-27 ,23.1,일반조리판매,보건행정과
휴게음식점,2020-12-16,프레시랩,"서울특별시 동작구 국사봉2길 19, 102호 (신대방동)",서울특별시 동작구 신대방동 339-15 ,32,일반조리판매,보건행정과
휴게음식점,2021-01-12,씨유 신대방해피점,"서울특별시 동작구 신대방1나길 26, 1층 (신대방동)",서울특별시 동작구 신대방동 695-1 ,5,편의점,보건행정과
휴게음식점,2021-01-13,씨유 노량진스타합격점,"서울특별시 동작구 장승배기로 135, 1층 (노량진동)",서울특별시 동작구 노량진동 231-115 ,10,편의점,보건행정과
휴게음식점,2021-01-14,홍루이젠 대방점,"서울특별시 동작구 대방동23길 44, 1층 (대방동)",서울특별시 동작구 대방동 386-27 ,10,일반조리판매,보건행정과
휴게음식점,2021-01-19,보라매 키카,"서울특별시 동작구 보라매로5가길 16, 6층 603호 (신대방동, 보라매아카데미타워)",서울특별시 동작구 신대방동 395-69 보라매아카데미타워 ,27,일반조리판매,보건행정과
휴게음식점,2021-01-19,씨유 흑석현대점,"서울특별시 동작구 현충로 111, 명수대상가 1층 1호 (흑석동)",서울특별시 동작구 흑석동 10 명수대상가 ,3.3,편의점,보건행정과
휴게음식점,2021-01-25,지에스25숭실상현(GS25숭실상현),"서울특별시 동작구 상도로56길 5, 1층 (상도동)",서울특별시 동작구 상도동 491 ,6,편의점,보건행정과
휴게음식점,2021-02-02,가락e몰,"서울특별시 동작구 노량진로 10, 여성가족복합시설 스페이스살림 B2층 먹거리매장2호 (대방동)",서울특별시 동작구 대방동 340-3 여성가족복합시설 스페이스살림 ,16,일반조리판매,보건행정과
휴게음식점,2021-02-03,세븐일레븐 숭실대중앙점,"서울특별시 동작구 사당로 18, 1층 (상도동)",서울특별시 동작구 상도동 502-4 ,3.3,편의점,보건행정과
휴게음식점,2021-02-10,씨유 동작상도원룸점,"서울특별시 동작구 상도로47길 107, 지하1층 (상도1동)",서울특별시 동작구 상도1동 481-1 ,5,편의점,보건행정과
휴게음식점,2021-02-18,지에스25(GS25)뉴사당타운점,"서울특별시 동작구 남부순환로269길 97, 1층 201호 (사당동)",서울특별시 동작구 사당동 439-4 ,3.3,편의점,보건행정과
휴게음식점,2021-03-03,초이스풀,"서울특별시 동작구 사당로 157-2, 1층 (사당동)",서울특별시 동작구 사당동 208-10 ,10.24,일반조리판매,보건행정과
휴게음식점,2021-03-04,세븐일레븐(사당로점),"서울특별시 동작구 사당로28길 56, 1층 (사당동)",서울특별시 동작구 사당동 1027-37 ,3.3,편의점,보건행정과
휴게음식점,2021-03-08,와플대학이수역캠퍼스,"서울특별시 동작구 동작대로27길 22, 1층 (사당동)",서울특별시 동작구 사당동 139-36 ,9.3,일반조리판매,보건행정과
휴게음식점,2021-03-11,씨유 노량진드림스퀘어점,"서울특별시 동작구 노들로2길 7, 노량진 드림스퀘어 복합빌딩 1층 B102,B103호 (노량진동)",서울특별시 동작구 노량진동 16-1 노량진 드림스퀘어 복합빌딩 ,6.6,편의점,보건행정과
휴게음식점,2021-03-16,GS25사당메트로점,"서울특별시 동작구 동작대로 지하 3, 사당역(4호선) 사당역 433-112호(113호합산)호 (사당동)",서울특별시 동작구 사당동 588-44 사당역(4호선) ,9.9,편의점,보건행정과
휴게음식점,2021-03-16,CU상도더샵점,"서울특별시 동작구 장승배기로 41, 1층 101호,102(일부)호 (상도동)",서울특별시 동작구 상도동 204-45 ,6.6,편의점,보건행정과
휴게음식점,2021-03-18,주식회사 스윗드오,"서울특별시 동작구 여의대방로54길 14, 경준빌딩 2층 202호 (대방동)",서울특별시 동작구 대방동 344-1 경준빌딩 ,15.64,일반조리판매,보건행정과
휴게음식점,2021-03-19,마음을 담다,"서울특별시 동작구 노량진로 10, 여성가족복합시설 스페이스살림 B2층 먹거리매장 4호 (대방동)",서울특별시 동작구 대방동 340-3 여성가족복합시설 스페이스살림 ,12.7,일반조리판매,보건행정과
휴게음식점,2021-03-23,지에스25(GS25) 흑석역점,"서울특별시 동작구 현충로 지하 90, 9호선 흑석역 (흑석동)",서울특별시 동작구 흑석동 4 9호선 흑석역 ,3.3,편의점,보건행정과
휴게음식점,2021-03-24,세븐일레븐 대방점,"서울특별시 동작구 등용로 119, 1층 (대방동)",서울특별시 동작구 대방동 37-2 ,3.3,편의점,보건행정과
휴게음식점,2021-03-25,타코야끼 제작소,"서울특별시 동작구 만양로14가길 30-3, 1층 (노량진동)",서울특별시 동작구 노량진동 117-31 ,9,일반조리판매,보건행정과
휴게음식점,2021-03-31,타코야끼카페,"서울특별시 동작구 동작대로25길 40, 1층 (사당동)",서울특별시 동작구 사당동 708-459 ,21,일반조리판매,보건행정과
휴게음식점,2021-04-05,우리쌀빵&웰빙쌀빵,"서울특별시 동작구 사당로 지하 310, 이수역(7호선) 지하1층 736-310호 (사당동)",서울특별시 동작구 사당동 144-4 이수역(7호선) ,27.22,일반조리판매,보건행정과
휴게음식점,2021-04-09,세븐일레븐 이수남성점,"서울특별시 동작구 동작대로29가길 33, 제1층 제101호 (사당동, 도성빌딩)",서울특별시 동작구 사당동 89-12 ,6,편의점,보건행정과
휴게음식점,2021-04-12,세븐일레븐 상도주공점,"서울특별시 동작구 상도로53길 70, 임대상가 204, 205호 (상도동, 상도에스에이치빌)",서울특별시 동작구 상도동 430 상도에스에이치빌 ,3.3,편의점,보건행정과
휴게음식점,2021-04-16,세븐일레븐 동작도화공원점,"서울특별시 동작구 성대로17길 40, 지하1층 101호 (상도동)",서울특별시 동작구 상도동 244-47 ,3.3,편의점,보건행정과
휴게음식점,2021-04-19,7번가피자 상도점,"서울특별시 동작구 장승배기로 40, 1층 (상도동)",서울특별시 동작구 상도동 204-28 ,55,일반조리판매,보건행정과
휴게음식점,2021-04-22,씨유(신대방점),"서울특별시 동작구 국사봉길 2, 1층 (신대방동)",서울특별시 동작구 신대방동 347-8 ,3.3,편의점,보건행정과
휴게음식점,2021-05-25,CU 아델라 이수역점,"서울특별시 동작구 동작대로23길 13, 1층 (사당동)",서울특별시 동작구 사당동 1007-1 ,3.3,편의점,보건행정과
휴게음식점,2021-05-31,세븐일레븐 상도등용점,"서울특별시 동작구 상도로15길 73, 1층 (상도동)",서울특별시 동작구 상도동 361-154 ,3.3,편의점,보건행정과
휴게음식점,2021-06-02,씨유 흑석센트레빌점,"서울특별시 동작구 서달로 91, 제상가동 지하2층 207호 (흑석동, 흑석한강센트레빌2차)",서울특별시 동작구 흑석동 339 흑석한강센트레빌2차 ,6.6,편의점,보건행정과
휴게음식점,2021-06-08,카페희희,"서울특별시 동작구 성대로 52, 제지1층 제비06호 (상도동)",서울특별시 동작구 상도동 256-1 ,23.76,일반조리판매,보건행정과
휴게음식점,2021-06-21,달굼당,"서울특별시 동작구 국사봉2다길 17, 정경재 1층 (신대방동)",서울특별시 동작구 신대방동 348-8 정경재 ,42,일반조리판매,보건행정과
휴게음식점,2021-06-29,김밥과 함께 라면,"서울특별시 동작구 여의대방로 182, 1층 (대방동)",서울특별시 동작구 대방동 389-24 ,24.75,일반조리판매,보건행정과
휴게음식점,2021-06-29,씨유 동작중앙점,"서울특별시 동작구 사당로20길 13, 1층 (사당동)",서울특별시 동작구 사당동 321-47 ,6.6,편의점,보건행정과
휴게음식점,2021-07-08,씨유 신대방타운점,"서울특별시 동작구 여의대방로22카길 34, 1층 (신대방동)",서울특별시 동작구 신대방동 360-115 ,6.6,편의점,보건행정과
휴게음식점,2021-07-13,샐러디 노량진역점,"서울특별시 동작구 노량진로16길 25, 1층 (노량진동)",서울특별시 동작구 노량진동 90-1 ,45,일반조리판매,보건행정과
휴게음식점,2021-07-26,세븐일레븐 동작성대점,"서울특별시 동작구 성대로6길 6, 1층 (상도동)",서울특별시 동작구 상도동 312-5 ,3.3,편의점,보건행정과
휴게음식점,2021-08-06,위켄드쿠키,"서울특별시 동작구 동작대로9가길 18-1, 1층 (사당동)",서울특별시 동작구 사당동 1028-25 ,12.5,일반조리판매,보건행정과
휴게음식점,2021-08-12,씨유노량진고시촌점,서울특별시 동작구 만양로14길 45 (노량진동),서울특별시 동작구 노량진동 128-1 ,3.3,편의점,보건행정과
휴게음식점,2021-08-26,GS25상도타운점,"서울특별시 동작구 매봉로 59, 1층 (상도1동)",서울특별시 동작구 상도1동 509-1 ,3.3,편의점,보건행정과
휴게음식점,2021-08-30,진진김밥,"서울특별시 동작구 상도로37길 56, 1층 (상도동)",서울특별시 동작구 상도동 463-8 ,17,일반조리판매,보건행정과
휴게음식점,2021-09-02,GS25신대방문창점,"서울특별시 동작구 여의대방로22나길 43, 1층 (신대방동)",서울특별시 동작구 신대방동 364-146 ,3.3,편의점,보건행정과
휴게음식점,2021-10-01,경성꽈배기 노량진점,"서울특별시 동작구 노량진로8길 39, 1층 (노량진동)",서울특별시 동작구 노량진동 36-3 ,21.78,일반조리판매,보건행정과
휴게음식점,2021-10-06,홍가네떡볶이,"서울특별시 동작구 대방동길 9, 1층 (대방동)",서울특별시 동작구 대방동 391-585 ,26.44,일반조리판매,보건행정과
휴게음식점,2021-11-01,지에스25사당위브점(GS25사당위브점),"서울특별시 동작구 사당로13길 36, 1층 (사당동)",서울특별시 동작구 사당동 262-8 ,3.3,편의점,보건행정과
휴게음식점,2021-11-10,씨유 동작늘솔길점,"서울특별시 동작구 동작대로35다길 22, 1층 (사당동)",서울특별시 동작구 사당동 67-6 ,6.6,편의점,보건행정과
휴게음식점,2021-10-07,열두달 열매청,"서울특별시 동작구 만양로 42, 1층 (노량진동)",서울특별시 동작구 노량진동 215-139 ,11.76,일반조리판매,보건행정과
휴게음식점,2022-01-05,이마트24 동작상도점,"서울특별시 동작구 상도로37길 30, 1층 (상도1동)",서울특별시 동작구 상도1동 395-1 ,3.3,편의점,보건행정과
휴게음식점,2022-01-11,GS25이수중앙점,"서울특별시 동작구 동작대로25길 33, 1층 (사당동)",서울특별시 동작구 사당동 144-1 ,3.3,편의점,보건행정과
휴게음식점,2022-01-27,이삭토스트 보라매공원점,"서울특별시 동작구 여의대방로 88, 1층 (신대방동)",서울특별시 동작구 신대방동 498-5 ,46.2,일반조리판매,보건행정과
휴게음식점,2022-02-11,엘리스파이,"서울특별시 동작구 흑석로 95, 1층 제3호 (흑석동)",서울특별시 동작구 흑석동 190-6 ,26.45,일반조리판매,보건행정과
휴게음식점,2022-02-11,남성골왕만두,"서울특별시 동작구 사당로14길 10, 1층 102호 (사당동)",서울특별시 동작구 사당동 267-61 ,21,일반조리판매,보건행정과
휴게음식점,2022-02-17,비틀쥬스,"서울특별시 동작구 흑석로 102, 중앙대학교병원 지하1층 B115호 (흑석동)",서울특별시 동작구 흑석동 224-1 중앙대학교병원 ,8.04,일반조리판매,보건행정과
휴게음식점,2022-02-17,씨유 상도포도점,"서울특별시 동작구 양녕로25길 30, 1층 (상도동, 상도젠트리하임)",서울특별시 동작구 상도동 210-172 상도젠트리하임 ,3.3,편의점,보건행정과
휴게음식점,2022-02-22,세븐일레븐 남성사당로점,"서울특별시 동작구 사당로 193, 1층 (사당동)",서울특별시 동작구 사당동 220-85 ,3.3,편의점,보건행정과
휴게음식점,2022-03-29,지에스25신대방장안점,"서울특별시 동작구 대림로 56, 1층 (신대방동)",서울특별시 동작구 신대방동 685-12 ,3.3,편의점,보건행정과
휴게음식점,2022-03-29,세븐일레븐 대방등용점,"서울특별시 동작구 등용로 87, 1층 (대방동)",서울특별시 동작구 대방동 17-38 ,3.3,편의점,보건행정과
휴게음식점,2022-03-31,GS25신대방후레쉬점,"서울특별시 동작구 시흥대로 658, 1층 106호 (신대방동)",서울특별시 동작구 신대방동 607-5 ,3.3,편의점,보건행정과
휴게음식점,2022-04-01,씨유동작어바니엘점,"서울특별시 동작구 노량진로 190, 1층 (노량진동, 고려교육타워-어바니엘한강)",서울특별시 동작구 노량진동 333 ,3.3,편의점,보건행정과
휴게음식점,2022-05-06,이마트24 보라매자이점,"서울특별시 동작구 여의대방로22길 121, 1층 1124호 (신대방동, 보라매자이 더 포레스트)",서울특별시 동작구 신대방동 724 보라매자이 더 포레스트 ,3.3,편의점,보건행정과
휴게음식점,2022-05-12,세븐일레븐 상도아람점,"서울특별시 동작구 국사봉8길 77, 1층 (상도동)",서울특별시 동작구 상도동 301-40 ,3.3,편의점,보건행정과
휴게음식점,2022-06-03,씨유 상도하나점,"서울특별시 동작구 매봉로 42, 1층 (상도1동)",서울특별시 동작구 상도1동 537 ,3.3,편의점,보건행정과
휴게음식점,2022-06-29,마리짱,"서울특별시 동작구 남부순환로 지하 2089, 사당역(2호선) 지하1층 226-116호 (사당동)",서울특별시 동작구 사당동 1129 사당역(2호선) ,15.3,일반조리판매,보건행정과
휴게음식점,2022-07-01,지에스25 노량진타운점,"서울특별시 동작구 노량진로 200, 1층 (노량진동)",서울특별시 동작구 노량진동 141 ,3,편의점,보건행정과
휴게음식점,2022-07-18,지에스25 뉴대방등용,"서울특별시 동작구 등용로 101, 1층 102, 103호 (대방동, 한스빌)",서울특별시 동작구 대방동 20-25 한스빌 ,9.9,편의점,보건행정과
휴게음식점,2022-07-27,에그박스 상도점,"서울특별시 동작구 양녕로26길 4, 1층 (상도동)",서울특별시 동작구 상도동 210-385 ,23.18,일반조리판매,보건행정과
휴게음식점,2022-07-29,지에스25 노들제일점,"서울특별시 동작구 노량진로 252, 1층 (본동)",서울특별시 동작구 본동 48 ,6.6,편의점,보건행정과
휴게음식점,2022-08-01,국민피자,"서울특별시 동작구 상도로37길 23, 1층 (상도1동)",서울특별시 동작구 상도1동 402-4 ,26.44,일반조리판매,보건행정과
휴게음식점,2022-08-18,씨유신대방 아너스빌점,"서울특별시 동작구 신대방11길 13, 1층 (신대방동)",서울특별시 동작구 신대방동 688-18 ,10,편의점,보건행정과
휴게음식점,2022-08-18,지에스25 뉴 상도성대점,"서울특별시 동작구 성대로8길 2, 지하1층 (상도동)",서울특별시 동작구 상도동 259-16 ,6.6,편의점,보건행정과
휴게음식점,2022-08-24,맘스브런치(Mom`s Brunch),"서울특별시 동작구 여의대방로36길 25, 1층 (대방동)",서울특별시 동작구 대방동 383-1 ,26.97,일반조리판매,보건행정과
휴게음식점,2022-08-25,이마트24 동작사당점,"서울특별시 동작구 동작대로1길 45, 1층 (사당동)",서울특별시 동작구 사당동 1044-9 ,6.6,편의점,보건행정과
휴게음식점,2022-09-01,봉쥬르쿠키(Bonjourcookie),"서울특별시 동작구 동작대로9길 26, 1층 102호 (사당동)",서울특별시 동작구 사당동 1020-25 ,23,일반조리판매,보건행정과
휴게음식점,2022-09-21,GS25 상도미래점,"서울특별시 동작구 상도로60가길 12, 1층 (상도동)",서울특별시 동작구 상도동 126-86 ,3.3,편의점,보건행정과
휴게음식점,2022-09-26,세븐일레븐 보라매교차로점,"서울특별시 동작구 여의대방로22길 48, 화성빌딩 1층 (신대방동)",서울특별시 동작구 신대방동 363 화성빌딩 ,3.3,편의점,보건행정과
휴게음식점,2022-10-20,씨유 사당어반점,"서울특별시 동작구 동작대로35길 18, 1층 (사당동)",서울특별시 동작구 사당동 39-18 ,6.6,편의점,보건행정과
휴게음식점,2022-10-25,씨유 사당이수점,"서울특별시 동작구 사당로16마길 2, 1층 (사당동)",서울특별시 동작구 사당동 276-1 ,3.3,편의점,보건행정과
휴게음식점,2022-10-25,산사나무탕후루 중앙대점,"서울특별시 동작구 흑석로 97, 1층 (흑석동)",서울특별시 동작구 흑석동 190-58 ,9,일반조리판매,보건행정과
휴게음식점,2022-10-27,씨유 사당센터점,"서울특별시 동작구 동작대로7길 80, 1층 (사당동)",서울특별시 동작구 사당동 1038-25 ,3.3,편의점,보건행정과
휴게음식점,2022-10-28,세븐일레븐 M신대방역점,"서울특별시 동작구 대림로 2, 신대방역2호선 2층 231-001호 (신대방동)",서울특별시 동작구 신대방동 643-1 신대방역2호선 ,3.3,편의점,보건행정과
휴게음식점,2022-10-31,세븐일레븐 드림스퀘어점,"서울특별시 동작구 노들로2길 7, 노량진 드림스퀘어 복합빌딩 D동 1층 106호 (노량진동)",서울특별시 동작구 노량진동 16-1 노량진 드림스퀘어 복합빌딩 ,3.3,편의점,보건행정과
휴게음식점,2022-11-17,미쉐(MIXUE),"서울특별시 동작구 흑석로 90, 1층 (흑석동)",서울특별시 동작구 흑석동 223-5 ,44.63,일반조리판매,보건행정과
휴게음식점,2022-11-22,달콤바니 베이크샵,"서울특별시 동작구 보라매로3길 29, 상가동 2층 33호 (신대방동, 해태보라매타워)",서울특별시 동작구 신대방동 708 해태보라매타워 ,19.71,일반조리판매,보건행정과
휴게음식점,2022-11-30,노량진수제비,"서울특별시 동작구 여의대방로22길 121, 상가동 1층 1219호 (신대방동, 보라매자이 더 포레스트)",서울특별시 동작구 신대방동 724 보라매자이 더 포레스트 ,38.63,일반조리판매,보건행정과
휴게음식점,2022-12-02,별난만두 신대방점,"서울특별시 동작구 신대방1나길 73, 1층 103호 (신대방동)",서울특별시 동작구 신대방동 698-10 ,16,일반조리판매,보건행정과
휴게음식점,2022-12-06,세븐일레븐 사당점,"서울특별시 동작구 동작대로7길 12, 1층 (사당동)",서울특별시 동작구 사당동 1030-10 ,5.96,편의점,보건행정과
휴게음식점,2022-12-07,틈새라면 사당점,"서울특별시 동작구 동작대로 39, 1층 (사당동)",서울특별시 동작구 사당동 1031-39 ,22,일반조리판매,보건행정과
휴게음식점,2022-12-15,세븐일레븐 노량진삼익점,서울특별시 동작구 만양로 88 (노량진동),서울특별시 동작구 노량진동 119-162 ,20.31,편의점,보건행정과
휴게음식점,2022-12-16,스마일 꽈배기,"서울특별시 동작구 현충로 92, 2층 (흑석동)",서울특별시 동작구 흑석동 6-5 ,45,일반조리판매,보건행정과
휴게음식점,2022-12-19,세븐일레븐 상도두산점,"서울특별시 동작구 상도로30길 63, 1층 (상도동)",서울특별시 동작구 상도동 28-13 ,3.3,편의점,보건행정과
휴게음식점,2023-01-05,GS25 상도금성점,"서울특별시 동작구 상도로47길 84, 1층 (상도1동)",서울특별시 동작구 상도1동 325-15 ,3,편의점,보건행정과
휴게음식점,2023-01-17,세븐일레븐 동작골든포레졈,"서울특별시 동작구 사당로 90, 상가동 1층 105, 106호 (사당동, 사당 롯데캐슬 골든포레)",서울특별시 동작구 사당동 1160 사당 롯데캐슬 골든포레 ,3.3,편의점,보건행정과
휴게음식점,2023-01-31,세븐일레븐 이수태평점,서울특별시 동작구 사당로 301-1 (사당동),서울특별시 동작구 사당동 147-78 ,5.96,편의점,보건행정과
휴게음식점,2023-02-06,지에스25 동작스타점,"서울특별시 동작구 여의대방로 30, 현대상가 112동 1층 에이동101호 (신대방동)",서울특별시 동작구 신대방동 707 현대상가 ,10,편의점,보건행정과
휴게음식점,2023-02-06,지에스25 상도아이파크점,"서울특별시 동작구 장승배기로 18, 1층 (상도동)",서울특별시 동작구 상도동 201-159 ,3.3,편의점,보건행정과
휴게음식점,2023-02-09,세븐일레븐 동작강남점,"서울특별시 동작구 대방동15길 28-1, 1층 (대방동)",서울특별시 동작구 대방동 388-21 ,3.3,편의점,보건행정과
휴게음식점,2023-02-09,세븐일레븐 동작스카이점,"서울특별시 동작구 양녕로23길 125, 1층 (상도동)",서울특별시 동작구 상도동 279-451 ,3.3,편의점,보건행정과
휴게음식점,2023-02-15,샐러디 중앙대점,"서울특별시 동작구 흑석로 25, 지하1층 102호 (상도동)",서울특별시 동작구 상도동 7-55 ,74.64,일반조리판매,보건행정과
휴게음식점,2023-02-27,서울호떡 노량진점,"서울특별시 동작구 만양로 84, 지하1층 25호 (노량진동, 삼익주상복합아파트)",서울특별시 동작구 노량진동 330 삼익주상복합아파트 ,42.33,일반조리판매,보건행정과
휴게음식점,2023-03-03,씨유보라매이글점,"서울특별시 동작구 보라매로5길 43, 1층 101호 (신대방동, 보라매삼성쉐르빌)",서울특별시 동작구 신대방동 395-66 보라매삼성쉐르빌 ,3.3,편의점,보건행정과
휴게음식점,2023-03-09,아띠몽 사당점,"서울특별시 동작구 사당로 215, 서림빌딩 1층 113호 (사당동)",서울특별시 동작구 사당동 252-17 서림빌딩 ,7.56,일반조리판매,보건행정과
휴게음식점,2023-03-30,씨유 상도약수점,"서울특별시 동작구 양녕로28길 4, 1층 (상도동)",서울특별시 동작구 상도동 211-225 ,8,편의점,보건행정과
휴게음식점,2023-04-17,세븐일레븐 노량진 사랑점,서울특별시 동작구 만양로 53-1 (노량진동),서울특별시 동작구 노량진동 219-20 ,6.6,편의점,보건행정과
휴게음식점,2023-04-20,씨유 상도빌리지점,"서울특별시 동작구 양녕로25가길 32, 지하2층 (상도동)",서울특별시 동작구 상도동 210-248 ,3.3,편의점,보건행정과
휴게음식점,2023-04-21,청과원 상도점,"서울특별시 동작구 만양로 6, e편한세상 상도 노빌리티 상가동 1층 110호 (상도동, e편한세상 상도 노빌리티)",서울특별시 동작구 상도동 903 e편한세상 상도 노빌리티 ,36,일반조리판매,보건행정과
휴게음식점,2023-04-21,지에스 노량아이비,"서울특별시 동작구 장승배기로 171, 노량진아이비빌딩 1층 101호 (노량진동)",서울특별시 동작구 노량진동 45-3 노량진아이비빌딩 ,3.3,편의점,보건행정과
휴게음식점,2023-04-26,손수담,"서울특별시 동작구 여의대방로24사길 8, 1층 (대방동, 부명빌딩)",서울특별시 동작구 대방동 404-15 ,25,일반조리판매,보건행정과
휴게음식점,2023-04-27,씨유 본동신동아점,"서울특별시 동작구 매봉로 134, 상가동 3층 306, 307호 (본동, 신동아아파트)",서울특별시 동작구 본동 481 신동아아파트 ,3.3,편의점,보건행정과
휴게음식점,2023-04-28,세븐일레븐 중앙대후문점,"서울특별시 동작구 흑석로 13, 서우 1층 (상도1동)",서울특별시 동작구 상도1동 497 서우 ,3.3,편의점,보건행정과
휴게음식점,2023-05-11,지에스25(GS25)S9노들역점,"서울특별시 동작구 노량진로 지하 238, 9호선 노들역 지하1층 (본동)",서울특별시 동작구 본동 475-1 9호선 노들역 ,3.3,편의점,보건행정과
휴게음식점,2023-05-16,씨유 사당캐슬점,"서울특별시 동작구 사당로2사길 37, 지하1층 (사당동, 예성휴캐슬)",서울특별시 동작구 사당동 185-5 ,5,편의점,보건행정과
휴게음식점,2023-05-19,GS25대방서울점,"서울특별시 동작구 상도로 17-8, 새문빌딩 1층 (대방동)",서울특별시 동작구 대방동 397-26 새문빌딩 ,3.3,편의점,보건행정과
휴게음식점,2023-06-01,와플대학 신대방삼거리캠퍼스,"서울특별시 동작구 보라매로 98, 1층 (신대방동)",서울특별시 동작구 신대방동 346-11 ,26.45,일반조리판매,보건행정과
휴게음식점,2023-07-28,씨유 상도삼성점,"서울특별시 동작구 등용로 38, 상가동 1층 101, 102호 (상도동, 상도동래미안(1차)아파트)",서울특별시 동작구 상도동 455 상도동래미안(1차)아파트 ,3.3,편의점,보건행정과
휴게음식점,2023-07-28,달콤왕가탕후루 남성역점,"서울특별시 동작구 사당로13길 31, 상가동 9-2호 (사당동, 두산위브 트레지움)",서울특별시 동작구 사당동 1131 두산위브 트레지움 ,24.56,일반조리판매,보건행정과
휴게음식점,2023-08-01,지에스25(GS25)S9 노량진역점,"서울특별시 동작구 노량진로 지하 130, 9호선 노량진역 지하1층 (노량진동)",서울특별시 동작구 노량진동 60-11 9호선 노량진역 ,6.6,편의점,보건행정과
